end_station_id,rides,example_name
3186,226745,Grove St PATH
HB102,167081,Hoboken Terminal - River St & Hudson Pl
JC115,161716,Grove St PATH
HB101,139592,Hoboken Terminal - Hudson St & Hudson Pl
HB103,136309,South Waterfront Walkway - Sinatra Dr & 1 St
JC009,110000,Hamilton Park
JC066,109326,Newport PATH
JC008,105494,Newport Pkwy
HB105,100476,City Hall - Washington St & 1 St
3203,93669,Hamilton Park
HB502,92173,11 St & Washington St
JC105,90782,Hoboken Ave at Monmouth St
JC013,90738,Marin Light Rail
HB202,87475,14 St Ferry - 14 St & Shipyard Ln
HB603,82642,8 St & Washington St
3183,81650,Exchange Place
3195,80529,Sip Ave
HB201,78495,12 St & Sinatra Dr N
JC052,78278,Liberty Light Rail
3202,77181,Newport PATH
JC109,76447,Bergen Ave & Sip Ave
HB501,74986,Columbus Park - Clinton St & 9 St
JC005,74359,Grove St PATH
JC003,74262,City Hall
JC104,73899,Harborside
