period,rides,median_duration
2013-06-01,577702,14.57375859634415
2013-07-01,843417,12.145632902689545
2013-08-01,1001958,12.066115301782672
2013-09-01,1034359,11.22077361706525
2013-10-01,1037712,10.368187151328494
2013-11-01,675774,9.425897632707432
2013-12-01,443966,8.910798446184605
2014-01-01,300400,8.546908728158861
2014-02-01,224736,9.076018389777069
2014-03-01,439117,8.944277140739546
2014-04-01,670780,10.191780063451546
2014-05-01,866117,10.895918797185947
2014-06-01,936880,11.224441071707119
2014-07-01,968842,10.862289158884167
2014-08-01,963489,11.13594357838551
2014-09-01,953887,10.665781474704387
2014-10-01,828711,10.149937057038956
2014-11-01,529188,9.263603258742917
2014-12-01,399069,8.855531542450615
2015-01-01,285552,8.393023618572542
2015-02-01,196930,8.44591742607543
2015-03-01,341826,8.973734260027744
2015-04-01,652390,10.215153187123606
2015-05-01,961986,11.249519832013059
2015-06-01,941219,10.765294168421425
2015-07-01,1085676,11.11032741128718
2015-08-01,1179044,11.337810688549313
2015-09-01,1289699,11.155472660395764
2015-10-01,1212277,10.557769200761863
2015-11-01,987245,9.974244201608746
2015-12-01,804125,9.499250547028998
2016-01-01,509478,8.71318395647589
2016-02-01,560874,8.78095249327403
2016-03-01,919921,9.890302042839778
2016-04-01,1013149,10.419934688187192
2016-05-01,1212280,10.982035955579132
2016-06-01,1460318,11.26705778051285
2016-07-01,1380110,11.206895650076206
2016-08-01,1557663,11.291299683696531
2016-09-01,1648856,11.343371802705112
2016-10-01,1573872,10.611532502447343
2016-11-01,1196942,10.09685424532987
2016-12-01,812192,8.891095649950651
2017-01-01,726676,8.773893017744328
2017-02-01,791647,9.248412252071331
2017-03-01,727665,8.990768197561003
2017-04-01,1315404,10.82685614625692
2017-05-01,1523268,10.786187619433898
2017-06-01,1731594,10.994791486961216
2017-07-01,1735599,11.257310495996295
2017-08-01,1816498,11.186159528837567
2017-09-01,1878098,10.970852800860959
2017-10-01,1897592,10.404192814036433
2017-11-01,1330649,9.433281477810871
2017-12-01,889967,8.786500760031576
2018-01-01,718994,8.511676675121238
2018-02-01,843114,8.629053408180763
2018-03-01,976672,8.888933570275796
2018-04-01,1307543,9.905496237447563
2018-05-01,1824710,11.016813292490491
2018-06-01,1953103,11.012438082095866
2018-07-01,1913625,10.935700740448311
2018-08-01,1977177,10.670379976381255
2018-09-01,1877884,10.66167228825119
2018-10-01,1878657,9.992618516328557
2018-11-01,1260355,9.32311076204239
2018-12-01,1016505,8.904215522273653
2019-01-01,967288,8.397334406160738
2019-02-01,943745,8.62612359680502
2019-03-01,1327961,8.98220585034119
2019-04-01,1766106,10.095390481872649
2019-05-01,1924578,10.893689490373122
2019-06-01,2125386,11.39054586380766
2019-07-01,2181094,10.977924787916555
2019-08-01,2344263,11.235824119765722
2019-09-01,2445056,11.145843848105512
2019-10-01,2092619,10.279132391776457
2019-11-01,1478735,9.372761005462857
2019-12-01,955397,8.713605056548376
2020-01-01,1243390,8.831101065531326
2020-02-01,1149566,8.695263614492642
2020-03-01,1071437,11.344734982891685
2020-04-01,684573,16.216332164429577
2020-05-01,1492335,18.328813562107772
2020-06-01,1888562,17.179581762942878
2020-07-01,2112486,14.680834531072433
2020-08-01,2335759,14.43066041623064
2020-09-01,2495417,13.78394503615899
2020-10-01,2255199,12.578771081604255
2020-11-01,1741818,11.803853506382765
2020-12-01,1092250,10.300963777887342
2021-01-01,1097975,9.693155572241963
2021-02-01,636759,9.915957759042639
2021-03-01,1500035,10.976418281185579
2021-04-01,2026253,11.516578149455237
2021-05-01,2670196,11.894388531716833
2021-06-01,3113405,11.683870454124165
2021-07-01,3021854,11.458513943790287
2021-08-01,3012549,11.170030998074223
2021-09-01,3219818,11.529235470044403
2021-10-01,3010904,10.930839911169262
2021-11-01,2113148,10.109618252189303
2021-12-01,1706857,9.470700370075956
2022-01-01,1024055,8.578227829029327
2022-02-01,1197359,8.937541572751813
2022-03-01,1846035,9.517090173934976
2022-04-01,2261339,10.465247269842752
2022-05-01,2865301,11.068995952314278
2022-06-01,3344145,11.295149223186806
2022-07-01,3397722,10.946900522955024
2022-08-01,3576182,10.62322688187765
2022-09-01,3411909,10.453398006264214
2022-10-01,2935959,9.749086772885242
2022-11-01,2386350,9.321148675518382
2022-12-01,1592086,8.26715912074554
2023-01-01,1795329,8.307469691322927
2023-02-01,1696101,8.187303646986148
2023-03-01,2119314,8.474125608163696
2023-04-01,2749360,9.591866404113118
2023-05-01,3453576,10.032003917950876
2023-06-01,3451869,9.828481508984964
2023-07-01,3659372,9.810163575108344
2023-08-01,3964206,10.016320007708982
2023-09-01,3471658,9.724183657167828
2023-10-01,3724615,9.501979278994112
2023-11-01,2816850,8.8762052615948
2023-12-01,2204870,8.315874558918479
2024-01-01,1887908,7.743949736137008
2024-02-01,2121506,7.950725660726526
2024-03-01,2663416,8.541911809818805
2024-04-01,3216957,8.990156185403283
2024-05-01,4135049,9.535809530585656
2024-06-01,4782935,9.952802215164553
2024-07-01,4722952,9.660424316942356
2024-08-01,4603942,9.689380888330186
2024-09-01,4997288,9.624030294659127
2024-10-01,5150717,9.15470171552273
2024-11-01,3709229,8.548208876442152
2024-12-01,2311107,7.564205747081446
2025-01-01,2124541,7.049693353428655
2025-02-01,2031394,7.299550915730082
2025-03-01,3167962,8.086950049169674
2025-04-01,3725037,8.547845636553463
2025-05-01,4325897,9.159017359729594
2025-06-01,4759239,9.308190558732836
2025-07-01,4987563,9.513507872507928
2025-08-01,5122174,9.916619699912
2025-09-01,5287155,9.612940972513288
2025-10-01,4732358,8.899836192904974
2025-11-01,3416092,8.292154916109153
2025-12-01,2091749,7.532746554274213
2026-01-01,1816296,7.501599826676346
2026-02-01,1219706,8.073793156552433
2026-03-01,2945320,8.416005337396022
2026-04-01,3860371,8.993744153355806
