feature,f1_decrease,std
cap-diameter,0.016043900276699274,0.006877718640737787
stem-height,0.04948165306274123,0.01430480129331567
stem-width,0.08515487101242329,0.010762302363828693
spore-print-color,0.013687242325188767,0.00376036145814572
gill-color,0.07079494629852466,0.016289015527591422
habitat,0.009647093001704965,0.0068255349035442605
season,0.03041368000556602,0.005342291487547898
ring-type,0.047741536356103884,0.006068729205911202
cap-shape,0.09004289908058995,0.00953588276374745
stem-surface,0.12191421281503029,0.010120800467186837
jumbled_noise_0,0.021019282140881,0.006225161549217248
jumbled_noise_1,0.004733377050111051,0.007166691030161471
