source_row,cap-diameter,stem-height,stem-width,spore-print-color,gill-color,habitat,season,ring-type,cap-shape,stem-surface,jumbled_noise_0,jumbled_noise_1,true_class,predicted_class,probability_p,missing_features_after_cleaning
3875,,,20.71,,f,l,s,f,,,f,x,p,e,0.14351235855679212,5
566,,10.86,,,,d,,e,x,,x,f,p,e,0.4156189910701407,6
2738,7.71,,13.94,,w,d,a,f,x,,p,x,p,e,0.3304318288378552,3
4471,,6.65,16.99,,p,d,a,f,x,i,b,b,e,p,0.6167846037969437,2
3861,10.87,6.78,21.45,,,d,u,f,x,,f,c,p,e,0.3641288286087965,3
1296,0.62,2.74,,,g,d,u,f,,,s,o,e,p,0.5114008241333052,4
403,9.7,11.25,22.59,,u,d,a,f,x,,s,f,p,e,0.49945323678596737,2
1807,3.96,6.41,3.89,,w,d,a,f,f,,x,b,e,p,0.5234966661258953,2
482,,5.6,13.21,,r,d,u,f,x,,o,f,p,e,0.3245875072900747,3
4538,4.61,0.0,0.0,,w,d,u,f,o,f,,x,e,p,0.9610684255603416,4
1780,7.55,4.58,,,w,d,a,f,s,t,x,x,e,p,0.8356915774972944,2
658,7.47,7.82,17.05,,y,d,a,f,f,y,s,,e,p,0.6879390135274958,2
1078,3.14,5.7,5.47,,,l,a,f,b,s,s,x,e,p,0.6529827372383532,2
2893,,5.85,5.77,,p,,a,,s,,s,x,p,e,0.4979303964647999,5
2093,,,11.97,,r,d,a,f,x,,,s,p,e,0.46978965977987214,5
2431,,6.7,9.24,,w,d,a,f,x,,x,,p,e,0.3552222380361057,4
1308,3.48,4.1,6.01,,,d,,f,f,,f,s,e,p,0.526966000795926,4
4803,3.99,6.93,4.41,,n,d,a,f,x,,f,f,p,e,0.4240125584158325,2
202,12.17,10.6,15.62,,w,d,a,g,x,,s,f,e,p,0.5037767228224572,2
1735,,8.01,3.92,,p,l,a,f,f,,f,x,p,e,0.40456252410220067,3
4006,0.84,2.9,1.39,,,d,u,f,b,,s,c,e,p,0.5374028145886657,3
3470,5.89,8.02,11.4,,,g,a,,p,s,f,,p,e,0.42463021568798076,4
2148,8.08,8.32,12.29,,,,,f,f,i,p,x,p,e,0.3316382236567345,4
4198,,5.53,3.08,,n,g,s,f,b,,x,f,e,p,0.7553091039243957,3
4822,2.95,6.53,2.79,,,,s,f,b,,b,x,e,p,0.5643238307438306,4
817,8.19,5.87,17.73,,w,d,u,f,x,,f,,p,e,0.2814344872097584,3
2469,3.33,3.31,,,w,,w,f,f,,x,x,e,p,0.5217145016095813,4
1664,4.02,4.44,7.14,,y,d,u,f,f,,x,b,e,p,0.5845866817031926,2
283,6.44,3.32,8.79,,p,g,u,f,s,,x,b,p,e,0.45741173269474694,2
4787,,4.7,6.14,,,d,,f,s,,x,f,e,p,0.5445440894055021,5
1589,5.6,4.77,9.1,,,d,a,f,f,s,f,c,p,e,0.3888209923205757,2
1070,,,25.33,,y,d,a,f,s,,x,x,e,p,0.5156355123167626,4
3832,,5.01,2.64,,,d,,f,b,,x,s,e,p,0.5107124185760185,5
4048,1.6,4.36,1.66,,n,,,f,b,t,f,x,e,p,0.9131559849691823,3
3924,,6.12,10.01,,y,d,,f,f,,f,,e,p,0.6011141034237855,5
2585,17.98,,77.0,,y,d,a,,p,,c,x,p,e,0.27263409983093984,4
4062,3.42,,3.1,,,g,u,f,x,,b,f,p,e,0.43104111220043156,4
4101,3.8,6.09,8.18,,o,d,a,f,f,t,x,x,p,e,0.2893975942436003,1
4606,,6.68,7.45,,,d,a,,s,,x,x,p,e,0.4961796687425018,5
1106,6.16,6.82,5.51,,n,d,u,l,x,t,x,x,p,e,0.21512388259678847,1
3131,1.6,4.84,1.59,,n,d,s,f,x,,x,,p,e,0.44879299283992197,3
4547,8.84,5.49,13.2,,o,d,,f,s,,o,p,p,e,0.394228759211921,3
4255,,25.38,13.64,,w,d,u,e,f,s,f,f,p,e,0.3815642930089513,2
3534,,6.46,12.46,,y,h,,f,x,s,x,b,p,e,0.39980747034847214,3
1698,3.24,4.34,2.62,,w,g,u,f,b,,x,s,p,e,0.3404046073116009,2
1719,6.83,,8.63,,,,a,f,s,,,,p,e,0.46472742720505245,7
908,,5.09,7.46,,w,d,u,f,x,,f,x,p,e,0.41467723880310614,3
2572,1.22,3.72,,,f,,a,f,s,,f,x,e,p,0.5014248286482128,4
4159,10.38,6.46,20.92,,y,,a,f,x,,,x,p,e,0.3836460137011655,4
4530,9.45,9.71,,,,d,a,f,p,,f,x,p,e,0.37280669379771925,4
1420,,6.44,10.03,,w,l,w,f,f,s,s,s,p,e,0.2415271615006307,2
3078,3.14,6.57,3.22,,k,,,f,b,,f,x,e,p,0.5464722007763397,4
3783,,2.75,8.61,,y,d,u,f,x,,x,f,e,p,0.6114091245849065,3
4372,,7.74,15.64,,p,d,a,f,,,x,o,p,e,0.45996838066353457,4
3659,2.09,6.27,4.92,,,,a,,x,,x,o,p,e,0.462253331560978,5
4123,6.1,5.33,12.0,,o,g,w,f,f,,f,p,p,e,0.2895140437357592,2
1171,7.94,5.98,17.96,,w,d,u,f,x,,x,x,p,e,0.3085708322461182,2
236,10.23,5.29,22.42,,b,d,,,f,,s,x,p,e,0.2922046799164746,4
2252,10.32,6.07,24.49,,y,d,,f,s,,f,,p,e,0.4084522534683789,4
4502,,4.18,3.23,,,g,u,f,f,,s,x,p,e,0.39662433315104134,4
1428,,7.32,42.07,,y,d,s,f,o,k,,s,p,e,0.1869901260695418,3
4777,2.67,4.33,9.82,,y,d,a,f,x,,x,x,p,e,0.39625882637056825,2
4303,11.89,7.1,16.58,,,d,u,f,x,i,x,x,p,e,0.4680431327293166,2
1128,3.49,5.07,3.43,,w,h,a,r,x,,x,b,p,e,0.4547376886638731,2
4169,,5.59,14.92,,,d,a,f,,,b,s,p,e,0.3664910552269647,5
568,,7.86,6.2,,w,,w,f,f,s,b,x,p,e,0.2706296693871789,3
3865,7.8,8.3,10.61,,n,d,a,f,,,x,,p,e,0.42785715870906893,4
937,,7.13,2.32,,w,d,u,f,x,,x,p,p,e,0.40743429918047136,3
2359,12.48,11.04,17.03,,w,d,a,e,f,,f,x,p,e,0.45947908773971097,2
3739,7.15,5.41,12.68,,w,d,,f,s,,s,,p,e,0.43025725069341847,4
2639,,5.25,19.85,,f,l,s,,o,,o,f,p,e,0.3285483230654375,4
2458,3.53,5.24,3.51,,w,g,a,r,x,y,f,f,e,p,0.7043811192564164,1
3058,,6.19,41.67,,y,d,s,f,o,k,x,s,p,e,0.2168345745746257,2
1449,0.83,,,,w,l,,f,x,,f,x,p,e,0.4822029815181908,5
3475,7.26,5.75,7.98,,,h,,f,s,s,c,b,p,e,0.35155341495768005,3
3894,8.36,5.57,10.89,,p,,w,,f,,p,s,p,e,0.4813334037537707,4
165,7.38,3.28,8.86,,p,d,,,s,,s,x,e,p,0.5126741684451944,4
783,,5.84,18.06,,w,d,,f,x,,x,p,p,e,0.28092958104855337,4
0,,6.42,13.51,,,d,u,g,x,,x,c,p,e,0.29618210212902174,4
903,5.76,8.11,17.69,,y,,u,f,x,,f,b,p,e,0.2635268443130531,3
3093,4.9,7.05,5.3,,n,d,,f,f,,,x,p,e,0.49361446191309144,4
958,,6.61,4.08,,w,d,u,f,f,,x,x,e,p,0.5335425728350733,3
3168,5.05,5.88,6.68,,w,d,a,f,s,,p,x,e,p,0.5344314353471745,2
1565,6.05,,8.55,,p,d,a,f,x,,x,o,p,e,0.4562986886533654,3
4104,,7.03,52.43,,y,d,,f,,,o,f,e,p,0.6444167779819137,5
3580,7.29,8.05,13.72,,g,d,,l,x,,,s,e,p,0.7192755666276095,4
833,,7.03,7.49,,f,d,a,,s,,o,f,e,p,0.5202101067170791,4
1808,,5.62,2.27,,g,,u,f,b,s,f,x,p,e,0.4259861124766024,3
3548,9.15,11.04,16.04,,w,,a,g,f,,x,x,e,p,0.5886609363677059,3
4211,6.32,,11.17,,w,u,,e,f,s,x,x,p,e,0.27782365350292776,3
2289,4.23,6.98,4.89,,e,d,a,f,f,,x,b,e,p,0.6510316515793562,2
2010,10.37,4.47,12.0,,o,d,a,f,s,,o,f,p,e,0.4941312068503267,2
144,14.3,6.74,45.1,,,d,w,f,f,,s,b,p,e,0.3786220617343789,3
884,,5.15,26.61,,w,l,a,f,s,,f,s,p,e,0.48123564385843337,3
4498,,5.9,3.62,,w,d,a,r,x,,f,x,p,e,0.37796571979808885,3
2226,,,17.69,,o,d,a,f,s,,p,f,p,e,0.31445637500712537,4
4720,,8.25,15.9,,w,,a,f,x,,p,f,p,e,0.45664056201263176,4
3645,,15.14,16.91,,p,,a,f,p,,x,s,p,e,0.3978156642242358,4
4134,,5.6,6.24,k,n,d,u,f,f,,x,f,e,p,0.5967499067442792,2
4913,9.01,,17.44,,p,l,a,l,,y,o,c,p,e,0.37730373298715986,3
3766,,8.41,14.82,,,h,a,f,x,,,c,p,e,0.3887086644239002,5
747,8.54,7.84,14.5,,,d,u,f,s,,o,x,p,e,0.4082226144057285,3
2115,4.42,3.43,9.19,,,d,a,f,,,b,f,e,p,0.626381700356415,4
2454,4.35,3.86,8.06,,g,d,u,,x,,x,s,p,e,0.4302227949589234,3
1014,7.22,4.79,,,p,d,,f,f,,s,p,p,e,0.35061119603734675,4
2740,,6.04,2.84,,k,d,,,b,,o,c,e,p,0.5167022253609745,5
2361,4.32,5.49,,,,d,,,,,x,f,p,e,0.34270921064841353,7
347,7.89,11.0,16.75,,w,d,a,g,f,,x,b,p,e,0.46885900507374684,2
3735,1.5,4.09,2.24,p,p,g,,f,x,,x,x,e,p,0.8112223558940422,2
3343,,5.39,1.54,,w,d,a,f,,,x,x,e,p,0.5050888793678457,4
3256,6.69,6.45,10.47,,p,d,u,f,x,y,x,x,p,e,0.2593996506014199,1
4352,,5.56,21.31,,k,d,,f,f,,s,x,p,e,0.32611304061214175,4
1666,7.28,8.65,,,n,d,a,f,f,t,x,p,p,e,0.2675241040257448,2
1612,3.88,,5.94,,w,,a,f,f,,x,x,e,p,0.5892400853529232,4
4791,10.66,5.74,25.03,,w,,a,f,,,p,b,p,e,0.4229778981681984,4
4896,4.8,,4.13,,w,d,a,f,f,,x,f,p,e,0.4711908061282153,3
3815,5.76,6.23,9.77,,w,l,a,f,x,,,f,p,e,0.40270852553668635,3
3613,,14.59,33.28,,,d,u,f,x,y,f,,p,e,0.2651323638437435,4
3523,,4.74,6.48,,,l,a,f,s,s,f,o,e,p,0.5039108984953601,3
1638,7.36,,8.59,,w,,u,f,s,,s,o,e,p,0.5611021657585267,4
1913,,10.12,6.93,,w,d,a,f,x,s,x,x,e,p,0.5561872704395162,2
861,,,14.33,w,w,d,u,,f,i,f,f,p,e,0.3287967995469151,3
2407,,3.01,2.51,,g,,,f,b,,o,b,p,e,0.45276332263688557,5
3377,,7.03,17.09,,n,h,a,f,,,x,x,e,p,0.5166739166899813,4
4387,4.28,6.94,5.03,,y,d,,f,x,k,x,b,e,p,0.5725465221101709,2
1290,3.48,5.4,5.94,,,d,u,f,x,,f,x,p,e,0.36104199130411885,3
2872,2.86,6.21,3.04,,n,d,a,f,b,,b,x,e,p,0.6606481671863059,2
4479,11.18,6.43,13.86,,,,u,f,s,,s,o,p,e,0.4517208868838614,4
4350,,4.61,9.27,,,d,a,f,x,,,x,p,e,0.31273483254012774,5
785,3.02,9.08,2.5,k,,,u,f,b,,x,x,e,p,0.6637671288544601,3
3034,3.69,5.54,8.59,,p,d,u,,x,,o,x,p,e,0.3819480770369164,3
2584,,7.02,8.82,,w,d,a,f,s,,x,f,e,p,0.5175566893452802,3
308,2.98,4.15,4.77,,e,,,,x,,x,x,e,p,0.6184526288661688,5
4718,,6.78,9.62,p,w,d,a,f,x,i,b,x,p,e,0.23614962486179414,1
3702,7.46,4.66,,,p,,a,f,f,,b,,p,e,0.3827762948383974,5
1073,5.47,4.51,,,w,d,w,r,x,y,x,b,e,p,0.5070244654516126,2
1095,,,16.36,,w,g,u,f,p,,f,x,p,e,0.27623642527580855,4
4835,,,16.13,,,,,f,x,,f,f,p,e,0.38239086195586525,7
516,,13.88,12.42,,w,d,u,,,s,f,x,p,e,0.3151694585412651,4
1706,,,4.5,,g,d,a,f,b,s,x,,e,p,0.6514316771967931,4
3682,11.58,6.87,16.18,,,d,a,f,,i,c,x,e,p,0.6319852988141487,3
4840,,,12.9,,n,d,u,f,f,,,s,p,e,0.4578766524298105,5
4653,7.44,,12.13,,w,d,a,,x,i,,x,e,p,0.6201849435741013,4
1366,6.83,,17.83,,w,d,u,f,,,x,,p,e,0.28455380761266796,5
632,,5.93,,,b,,u,f,s,,s,x,p,e,0.43537857105855443,5
2467,7.96,7.78,15.85,,,d,u,,x,,s,s,p,e,0.3872147845518172,4
2645,,3.5,2.38,,,g,a,f,b,,x,,p,e,0.4814300083166448,5
2882,18.44,,72.37,,y,d,a,f,x,,x,f,e,p,0.5231011478984785,3
4717,,5.29,2.83,,w,d,a,f,x,,s,f,e,p,0.5159211161109406,3
1847,,7.53,16.66,,,d,,f,x,s,x,f,p,e,0.3418457772598798,4
646,,9.75,19.31,,,,a,f,x,,x,x,p,e,0.3871804605439732,5
1773,,,3.14,,k,d,a,f,b,,x,x,e,p,0.5466343902073956,4
585,7.0,5.85,16.02,,,,w,f,s,,b,f,p,e,0.35667758961263335,4
3283,6.54,,13.02,,y,h,u,f,x,s,f,s,p,e,0.30390561416635925,2
4906,15.85,11.1,18.51,,,d,a,,x,,x,,p,e,0.342539160135014,5
4519,,7.46,8.18,,,d,,f,x,,o,f,p,e,0.414323734125698,5
404,,,1.4,,w,l,,f,x,,x,o,p,e,0.4870305076574528,5
2945,,15.44,18.14,,p,d,a,f,p,,s,x,p,e,0.43261099761037886,3
2319,12.16,9.99,17.53,,w,d,a,,x,i,x,x,p,e,0.34773235694460336,2
639,5.08,4.67,,,,d,u,,x,,o,b,p,e,0.29188407120016596,5
2928,,3.63,5.06,,n,d,u,f,,k,c,p,e,p,0.8171409523824498,3
4037,5.51,,5.95,,n,d,w,r,x,y,s,x,p,e,0.4498685348336954,2
301,,5.6,12.68,,,d,,f,s,,o,x,p,e,0.365542669496696,5
3646,8.09,8.5,19.34,,n,d,a,f,x,,o,b,p,e,0.46536536166888026,2
624,4.39,4.2,4.84,,w,d,a,f,s,,f,b,p,e,0.46702466864800407,2
2638,1.53,4.59,2.31,,n,,a,e,p,t,x,x,e,p,0.775901901638759,2
2861,,,3.41,,k,,,f,b,,x,f,e,p,0.5425920125714998,6
1201,,5.0,3.96,,p,d,u,f,f,i,f,f,p,e,0.4035653587840261,2
2975,,4.81,6.14,,e,d,a,f,x,,f,f,p,e,0.4964616635171616,3
2238,2.29,,4.61,,w,d,,f,x,,f,,p,e,0.42790254262680394,5
729,,9.85,17.23,,w,d,,,x,,p,b,e,p,0.5034588459210463,5
