source_row,class,split,cv_validation_fold
0,p,test,
1,e,train,5
2,p,train,3
3,p,train,5
4,e,test,
5,e,train,5
6,e,train,2
7,p,train,1
8,e,test,
9,e,train,5
10,e,train,2
11,p,train,3
12,p,train,4
13,e,train,3
14,e,train,4
15,e,train,3
16,e,train,2
17,e,test,
18,p,test,
19,e,train,5
20,p,train,2
21,p,train,1
22,p,train,4
23,e,train,5
24,p,train,4
25,p,train,1
26,e,train,5
27,e,train,3
28,p,train,2
29,p,train,3
30,p,train,1
31,e,test,
32,e,train,2
33,e,train,2
34,p,train,3
35,e,test,
36,e,train,1
37,e,test,
38,e,train,5
39,e,train,2
40,e,train,4
41,e,train,2
42,p,train,5
43,p,train,2
44,e,train,2
45,e,train,5
46,e,train,1
47,p,test,
48,e,train,5
49,e,train,1
50,p,train,2
51,e,train,5
52,p,train,3
53,e,train,3
54,p,train,4
55,e,train,4
56,p,test,
57,e,test,
58,p,train,3
59,p,train,5
60,e,test,
61,e,test,
62,e,train,3
63,p,train,5
64,e,train,5
65,p,train,5
66,e,train,3
67,p,train,1
68,p,train,2
69,p,train,5
70,p,train,3
71,p,train,2
72,p,train,4
73,p,train,5
74,e,train,4
75,p,train,1
76,e,train,2
77,p,train,3
78,e,train,3
79,e,train,3
80,e,train,1
81,e,train,3
82,e,test,
83,e,train,3
84,p,train,4
85,p,train,4
86,p,train,2
87,p,train,3
88,p,test,
89,e,train,5
90,p,train,1
91,p,train,5
92,p,train,1
93,e,train,1
94,e,test,
95,p,train,2
96,e,train,5
97,p,train,3
98,p,train,3
99,e,train,3
100,e,train,4
101,e,train,1
102,e,train,4
103,e,train,5
104,p,train,5
105,p,test,
106,p,train,5
107,e,train,4
108,p,train,4
109,p,train,2
110,p,train,1
111,p,train,1
112,e,train,3
113,e,train,4
114,e,train,1
115,p,train,1
116,e,train,4
117,p,train,2
118,e,train,1
119,e,train,1
120,p,train,5
121,e,test,
122,e,train,5
123,p,train,4
124,e,train,1
125,e,train,1
126,e,train,2
127,p,test,
128,e,train,3
129,e,train,2
130,e,train,2
131,e,train,2
132,p,train,1
133,e,train,4
134,e,train,3
135,e,test,
136,e,train,1
137,p,train,4
138,p,train,3
139,e,train,4
140,e,train,1
141,e,train,5
142,p,train,2
143,e,train,3
144,p,test,
145,e,train,2
146,e,train,1
147,e,train,1
148,p,train,2
149,p,train,5
150,p,train,2
151,e,train,3
152,e,train,2
153,e,train,1
154,e,train,3
155,e,train,2
156,e,test,
157,e,train,3
158,e,train,4
159,e,train,2
160,p,test,
161,p,train,3
162,e,train,5
163,p,train,2
164,e,train,3
165,e,test,
166,e,train,5
167,e,train,4
168,e,test,
169,e,train,3
170,e,train,5
171,p,train,4
172,p,train,1
173,e,train,1
174,p,test,
175,p,train,4
176,p,test,
177,e,train,4
178,e,test,
179,p,train,3
180,p,test,
181,e,train,2
182,p,train,2
183,e,train,3
184,e,train,4
185,p,train,5
186,p,train,2
187,e,train,5
188,p,train,2
189,p,train,5
190,e,train,2
191,e,train,5
192,p,train,3
193,p,train,3
194,e,train,4
195,e,train,3
196,p,train,5
197,e,train,5
198,e,train,5
199,e,test,
200,e,train,2
201,p,train,3
202,e,test,
203,e,train,5
204,e,train,3
205,p,train,5
206,e,test,
207,e,train,4
208,p,train,5
209,p,train,1
210,p,train,5
211,p,train,5
212,e,train,2
213,p,train,1
214,e,test,
215,p,test,
216,p,train,5
217,e,train,5
218,e,train,5
219,p,train,2
220,p,train,3
221,e,train,2
222,e,train,4
223,p,train,3
224,p,train,4
225,e,test,
226,p,train,2
227,e,train,1
228,e,train,2
229,e,test,
230,p,train,1
231,p,train,1
232,p,train,5
233,e,train,1
234,e,train,3
235,p,test,
236,p,test,
237,e,train,3
238,e,train,1
239,e,train,4
240,e,train,5
241,e,train,1
242,e,train,2
243,e,train,4
244,e,train,2
245,e,train,1
246,e,train,3
247,p,test,
248,p,train,2
249,p,train,5
250,p,train,1
251,e,test,
252,e,train,2
253,e,train,1
254,e,test,
255,e,train,2
256,e,train,4
257,p,test,
258,e,train,3
259,e,train,2
260,e,train,2
261,e,train,3
262,e,test,
263,p,train,4
264,e,test,
265,p,train,4
266,p,train,3
267,p,train,5
268,p,train,3
269,e,train,4
270,p,train,4
271,p,train,4
272,p,train,3
273,p,train,5
274,e,train,5
275,e,train,4
276,p,train,3
277,e,train,2
278,e,train,3
279,p,train,5
280,e,test,
281,e,test,
282,p,train,4
283,p,test,
284,e,train,4
285,e,train,4
286,e,train,1
287,p,train,5
288,p,test,
289,e,train,4
290,e,train,4
291,e,train,3
292,e,train,3
293,e,train,2
294,e,train,5
295,e,train,5
296,e,train,1
297,p,test,
298,e,train,1
299,e,train,2
300,p,test,
301,p,test,
302,e,train,5
303,p,train,1
304,e,train,2
305,e,train,1
306,e,train,3
307,e,train,1
308,e,test,
309,e,train,1
310,e,train,5
311,p,train,5
312,p,train,5
313,e,train,3
314,p,train,4
315,e,train,2
316,e,train,2
317,e,test,
318,e,train,2
319,e,train,5
320,e,test,
321,e,test,
322,e,train,4
323,e,train,2
324,e,train,4
325,p,train,3
326,e,train,4
327,p,train,3
328,p,train,4
329,e,train,4
330,e,train,4
331,p,train,2
332,p,train,3
333,e,test,
334,e,train,4
335,e,train,1
336,e,test,
337,e,test,
338,e,test,
339,e,train,5
340,e,train,5
341,e,train,2
342,e,test,
343,e,train,3
344,p,train,1
345,e,train,4
346,p,train,2
347,p,test,
348,e,train,2
349,e,train,1
350,p,train,5
351,p,train,2
352,e,train,4
353,p,test,
354,e,train,3
355,p,train,5
356,e,train,3
357,p,train,2
358,e,train,3
359,e,train,1
360,p,train,2
361,e,train,1
362,e,train,3
363,p,train,1
364,e,train,5
365,e,train,3
366,p,test,
367,p,train,4
368,e,train,1
369,p,train,3
370,p,train,4
371,e,train,3
372,e,train,4
373,p,train,5
374,p,train,5
375,e,train,2
376,p,train,5
377,p,train,5
378,p,train,1
379,e,train,2
380,p,train,2
381,e,test,
382,p,train,3
383,p,train,2
384,p,train,5
385,e,train,4
386,p,train,4
387,e,train,4
388,e,train,3
389,e,train,1
390,e,train,2
391,e,train,4
392,e,train,3
393,p,train,2
394,p,train,1
395,e,train,2
396,p,train,3
397,e,train,5
398,e,train,5
399,e,train,3
400,e,train,1
401,e,train,2
402,e,train,4
403,p,test,
404,p,test,
405,e,train,2
406,p,train,4
407,p,train,4
408,p,train,4
409,e,test,
410,p,train,3
411,e,train,5
412,e,train,2
413,p,test,
414,p,train,2
415,e,train,3
416,p,train,1
417,p,train,1
418,e,test,
419,e,train,2
420,p,test,
421,e,train,1
422,p,train,3
423,p,train,2
424,e,train,5
425,e,train,5
426,e,train,5
427,e,train,5
428,e,train,1
429,e,test,
430,p,train,2
431,p,train,5
432,e,train,3
433,p,train,5
434,p,train,4
435,p,train,4
436,e,train,3
437,e,train,3
438,p,train,1
439,p,test,
440,e,train,5
441,e,train,3
442,e,train,3
443,e,train,1
444,p,train,4
445,p,train,4
446,e,train,1
447,e,test,
448,p,train,2
449,e,train,1
450,p,train,3
451,e,test,
452,e,train,1
453,e,train,5
454,e,train,3
455,p,train,4
456,e,test,
457,e,train,2
458,p,train,4
459,p,train,4
460,e,train,1
461,e,train,1
462,p,train,5
463,e,train,5
464,p,train,1
465,e,train,2
466,e,train,1
467,e,train,4
468,p,train,4
469,p,train,4
470,e,train,4
471,p,test,
472,p,train,4
473,p,train,1
474,p,train,5
475,e,train,2
476,e,train,1
477,e,train,4
478,p,train,1
479,p,train,2
480,e,train,3
481,p,test,
482,p,test,
483,e,train,5
484,e,train,4
485,p,train,1
486,e,train,3
487,e,test,
488,e,train,3
489,e,train,2
490,e,train,5
491,e,train,5
492,p,train,1
493,p,train,2
494,e,train,2
495,e,train,5
496,e,train,1
497,e,train,1
498,e,test,
499,e,train,1
500,e,train,1
501,p,train,2
502,e,train,5
503,e,train,3
504,e,train,3
505,e,train,5
506,e,train,3
507,e,test,
508,p,train,2
509,e,train,1
510,e,train,4
511,e,train,2
512,p,train,2
513,p,train,2
514,e,train,2
515,e,train,1
516,p,test,
517,e,train,3
518,e,train,1
519,p,train,5
520,e,train,1
521,p,train,2
522,p,train,5
523,p,train,1
524,e,train,4
525,e,train,4
526,e,train,3
527,e,train,4
528,e,train,1
529,e,train,1
530,p,train,3
531,e,train,5
532,p,train,1
533,e,test,
534,e,train,2
535,p,train,1
536,e,train,4
537,e,train,2
538,p,train,4
539,p,train,3
540,p,train,5
541,e,train,3
542,p,train,4
543,p,train,1
544,p,test,
545,p,train,5
546,p,train,4
547,p,train,3
548,p,train,5
549,e,train,2
550,e,train,3
551,e,train,3
552,e,train,4
553,e,train,2
554,p,train,5
555,p,train,1
556,e,train,4
557,e,train,2
558,e,train,3
559,p,train,5
560,e,test,
561,e,train,5
562,e,train,2
563,p,train,3
564,p,train,4
565,e,train,1
566,p,test,
567,p,train,2
568,p,test,
569,p,train,5
570,e,train,3
571,p,train,4
572,e,test,
573,p,train,3
574,e,train,1
575,p,train,2
576,e,test,
577,e,train,3
578,p,train,3
579,e,train,3
580,p,train,5
581,e,train,5
582,p,train,3
583,p,train,4
584,p,train,2
585,p,test,
586,e,train,3
587,p,test,
588,e,train,4
589,p,train,5
590,e,train,4
591,e,train,4
592,p,train,2
593,e,train,2
594,p,train,1
595,p,train,4
596,p,train,3
597,p,train,2
598,e,train,2
599,e,train,4
600,e,train,3
601,p,train,5
602,e,train,4
603,e,train,1
604,p,train,3
605,e,train,1
606,e,train,2
607,p,train,4
608,e,train,5
609,p,train,1
610,e,train,1
611,e,train,5
612,p,train,1
613,e,test,
614,e,train,2
615,e,train,3
616,p,test,
617,e,train,3
618,p,train,1
619,e,train,3
620,p,train,5
621,p,train,3
622,e,train,2
623,e,train,4
624,p,test,
625,e,train,3
626,p,train,4
627,p,train,1
628,p,train,5
629,e,train,2
630,p,train,3
631,p,test,
632,p,test,
633,e,train,2
634,p,train,2
635,p,train,5
636,e,train,5
637,p,train,5
638,p,train,3
639,p,test,
640,p,train,4
641,e,train,4
642,p,train,4
643,e,train,3
644,e,test,
645,p,train,3
646,p,test,
647,e,train,2
648,e,train,2
649,e,train,1
650,p,train,4
651,p,train,1
652,e,train,3
653,p,train,2
654,e,train,5
655,e,train,1
656,e,train,1
657,e,train,4
658,e,test,
659,p,train,4
660,e,test,
661,p,train,3
662,e,train,3
663,p,train,4
664,p,train,5
665,e,train,3
666,p,train,3
667,e,train,5
668,p,train,2
669,e,train,3
670,e,train,4
671,e,train,2
672,p,train,4
673,e,train,2
674,p,train,3
675,e,train,5
676,p,train,5
677,p,train,4
678,e,train,4
679,p,train,2
680,e,train,2
681,e,train,1
682,p,train,3
683,e,test,
684,p,train,5
685,p,train,1
686,e,test,
687,e,train,1
688,p,train,2
689,e,train,1
690,p,test,
691,p,train,3
692,e,test,
693,e,test,
694,e,test,
695,e,train,2
696,e,test,
697,e,test,
698,e,train,3
699,e,train,2
700,e,test,
701,p,train,3
702,p,train,1
703,e,train,1
704,p,test,
705,p,train,4
706,p,train,3
707,p,train,3
708,p,train,1
709,e,train,1
710,e,train,3
711,e,train,2
712,e,train,4
713,p,test,
714,p,train,4
715,e,train,4
716,e,train,1
717,p,train,3
718,p,train,4
719,p,train,3
720,e,train,1
721,e,test,
722,e,train,1
723,e,train,4
724,e,train,4
725,e,train,2
726,p,train,2
727,e,test,
728,p,train,4
729,e,test,
730,p,train,2
731,e,train,4
732,p,train,5
733,e,train,4
734,e,train,3
735,e,train,1
736,p,train,2
737,e,train,3
738,e,train,2
739,p,train,3
740,p,train,4
741,e,train,1
742,e,train,5
743,e,train,5
744,p,train,5
745,e,train,4
746,e,train,1
747,p,test,
748,e,train,3
749,p,train,2
750,p,train,2
751,e,train,3
752,e,train,4
753,p,train,4
754,e,train,2
755,p,train,5
756,p,train,3
757,e,train,5
758,p,train,1
759,e,train,4
760,e,train,3
761,p,test,
762,e,train,2
763,e,train,5
764,p,train,1
765,e,train,5
766,p,train,2
767,p,train,4
768,p,train,2
769,e,train,1
770,e,train,5
771,p,train,3
772,e,train,2
773,e,train,3
774,e,train,4
775,e,train,1
776,p,train,3
777,e,train,3
778,e,train,2
779,e,train,5
780,e,train,1
781,e,train,3
782,e,train,1
783,p,test,
784,p,train,4
785,e,test,
786,e,train,2
787,p,train,2
788,e,train,3
789,e,test,
790,p,train,5
791,e,train,3
792,p,train,5
793,e,train,1
794,e,train,2
795,e,test,
796,e,train,5
797,e,train,2
798,p,train,5
799,e,train,3
800,e,train,2
801,e,train,4
802,e,train,5
803,p,train,2
804,e,test,
805,e,train,1
806,e,train,5
807,e,test,
808,p,train,4
809,p,train,3
810,e,train,3
811,e,train,1
812,e,train,3
813,p,test,
814,e,train,5
815,p,train,1
816,e,test,
817,p,test,
818,e,train,3
819,e,train,3
820,e,train,4
821,e,train,1
822,e,train,3
823,e,train,2
824,e,train,1
825,p,train,3
826,e,train,4
827,e,train,2
828,e,train,3
829,p,train,4
830,p,train,3
831,e,train,1
832,e,train,1
833,e,test,
834,p,train,4
835,e,test,
836,e,train,4
837,p,train,5
838,e,train,1
839,p,train,2
840,e,train,4
841,p,train,5
842,e,test,
843,p,train,1
844,e,train,3
845,e,train,2
846,p,train,1
847,p,train,2
848,p,train,1
849,e,train,3
850,e,test,
851,p,train,1
852,p,train,1
853,e,train,1
854,p,train,3
855,e,train,2
856,e,train,3
857,e,train,3
858,e,train,4
859,p,train,4
860,p,test,
861,p,test,
862,p,train,1
863,p,train,3
864,p,test,
865,e,test,
866,p,train,3
867,p,test,
868,e,train,3
869,p,train,4
870,e,train,1
871,e,train,4
872,p,train,5
873,e,train,1
874,p,train,4
875,p,test,
876,p,train,1
877,e,train,2
878,e,train,3
879,p,train,4
880,p,train,1
881,p,train,4
882,e,train,4
883,p,train,4
884,p,test,
885,e,train,4
886,e,train,5
887,e,test,
888,e,train,3
889,e,train,1
890,p,train,2
891,p,train,3
892,p,train,1
893,e,test,
894,p,train,5
895,e,train,4
896,e,train,3
897,e,train,5
898,p,train,5
899,e,train,5
900,e,train,2
901,e,train,2
902,p,train,1
903,p,test,
904,e,train,1
905,e,train,1
906,e,test,
907,e,train,4
908,p,test,
909,e,train,4
910,e,train,4
911,p,train,2
912,e,train,5
913,e,train,5
914,e,train,3
915,e,train,4
916,p,train,5
917,e,train,3
918,p,train,1
919,e,train,5
920,p,test,
921,p,train,4
922,e,train,3
923,p,train,4
924,p,train,1
925,p,train,5
926,e,train,1
927,p,train,2
928,p,train,2
929,e,train,4
930,e,test,
931,p,train,2
932,e,train,1
933,e,train,2
934,e,test,
935,p,test,
936,p,train,2
937,p,test,
938,e,train,2
939,p,train,2
940,e,train,4
941,e,train,3
942,e,train,1
943,e,train,3
944,e,test,
945,e,train,4
946,e,train,1
947,e,train,5
948,e,test,
949,e,train,3
950,e,train,2
951,e,train,4
952,p,train,1
953,e,train,4
954,e,train,3
955,e,train,2
956,e,train,2
957,e,train,4
958,e,test,
959,e,train,3
960,p,train,2
961,e,train,5
962,e,test,
963,p,train,1
964,e,test,
965,e,train,5
966,p,train,3
967,p,train,3
968,e,train,4
969,e,train,2
970,p,test,
971,p,train,4
972,e,train,3
973,e,train,5
974,e,test,
975,e,train,3
976,e,train,3
977,e,train,5
978,e,train,2
979,e,test,
980,e,train,2
981,p,train,3
982,e,train,1
983,p,train,4
984,e,train,5
985,e,train,5
986,p,train,2
987,e,train,4
988,e,test,
989,e,train,3
990,p,train,4
991,e,train,5
992,e,train,1
993,p,train,4
994,e,train,1
995,p,train,1
996,e,train,1
997,e,test,
998,e,train,4
999,e,train,2
1000,e,train,5
1001,e,train,3
1002,p,test,
1003,e,train,1
1004,p,train,3
1005,p,train,3
1006,p,train,3
1007,e,train,5
1008,p,train,3
1009,p,train,3
1010,e,train,5
1011,e,train,2
1012,e,test,
1013,p,train,1
1014,p,test,
1015,e,train,3
1016,e,train,4
1017,e,train,1
1018,p,test,
1019,e,train,1
1020,e,test,
1021,e,train,1
1022,p,test,
1023,e,train,3
1024,e,train,1
1025,e,train,3
1026,e,train,1
1027,p,train,5
1028,e,test,
1029,p,train,2
1030,e,train,5
1031,p,train,2
1032,e,test,
1033,p,train,3
1034,e,train,3
1035,e,train,1
1036,e,train,1
1037,e,train,5
1038,e,train,5
1039,e,train,3
1040,p,train,4
1041,e,train,2
1042,p,train,1
1043,p,train,4
1044,e,test,
1045,e,train,4
1046,p,train,3
1047,p,train,3
1048,p,test,
1049,p,train,2
1050,e,train,2
1051,e,train,4
1052,e,train,5
1053,e,train,4
1054,e,train,2
1055,e,test,
1056,e,train,1
1057,p,train,3
1058,p,train,1
1059,e,test,
1060,e,train,3
1061,e,test,
1062,p,test,
1063,p,train,1
1064,e,train,1
1065,e,train,1
1066,e,train,4
1067,e,train,5
1068,p,train,5
1069,e,train,5
1070,e,test,
1071,p,train,2
1072,e,train,5
1073,e,test,
1074,e,train,5
1075,p,train,2
1076,e,train,2
1077,e,train,4
1078,e,test,
1079,e,test,
1080,e,test,
1081,e,train,4
1082,e,train,2
1083,e,train,4
1084,e,train,4
1085,e,test,
1086,p,test,
1087,e,train,4
1088,e,test,
1089,p,train,3
1090,e,train,1
1091,p,train,4
1092,e,train,2
1093,p,test,
1094,p,train,5
1095,p,test,
1096,e,train,1
1097,p,train,4
1098,p,train,4
1099,e,train,1
1100,p,test,
1101,e,train,1
1102,e,train,5
1103,p,train,3
1104,e,train,1
1105,e,test,
1106,p,test,
1107,e,train,1
1108,e,test,
1109,e,test,
1110,e,train,1
1111,e,train,5
1112,e,train,4
1113,p,train,5
1114,e,test,
1115,e,train,1
1116,e,train,1
1117,e,train,2
1118,e,train,1
1119,e,train,5
1120,e,train,3
1121,e,train,2
1122,p,train,5
1123,p,train,1
1124,p,test,
1125,e,train,4
1126,e,train,5
1127,p,train,5
1128,p,test,
1129,p,train,1
1130,p,train,2
1131,e,train,4
1132,e,train,1
1133,p,train,3
1134,e,test,
1135,e,train,3
1136,p,train,3
1137,p,train,4
1138,p,train,3
1139,e,train,5
1140,p,train,3
1141,e,train,3
1142,e,train,5
1143,e,train,2
1144,p,train,1
1145,e,test,
1146,e,train,1
1147,e,test,
1148,e,test,
1149,p,train,3
1150,e,train,3
1151,p,train,2
1152,p,train,5
1153,p,train,5
1154,p,train,2
1155,p,train,2
1156,p,train,4
1157,e,train,4
1158,p,train,4
1159,p,train,2
1160,e,train,1
1161,e,train,3
1162,e,train,4
1163,e,train,3
1164,p,train,5
1165,e,train,1
1166,e,train,1
1167,p,train,1
1168,e,train,2
1169,e,train,1
1170,e,train,3
1171,p,test,
1172,e,train,3
1173,p,train,2
1174,e,train,2
1175,e,test,
1176,p,train,1
1177,e,test,
1178,e,train,2
1179,e,train,2
1180,e,test,
1181,e,test,
1182,e,train,1
1183,p,train,4
1184,e,train,3
1185,e,train,3
1186,e,train,3
1187,p,train,3
1188,e,train,3
1189,e,test,
1190,p,train,3
1191,e,train,3
1192,p,train,1
1193,p,test,
1194,e,train,2
1195,e,train,3
1196,e,train,3
1197,e,train,5
1198,p,train,5
1199,e,train,3
1200,e,train,2
1201,p,test,
1202,e,test,
1203,e,train,3
1204,p,train,2
1205,e,train,5
1206,e,train,3
1207,e,train,3
1208,e,train,2
1209,e,train,1
1210,p,train,1
1211,p,train,1
1212,e,train,2
1213,e,train,5
1214,e,train,5
1215,e,train,3
1216,p,train,3
1217,p,train,4
1218,e,test,
1219,e,train,1
1220,e,train,5
1221,e,train,4
1222,p,train,4
1223,p,train,4
1224,p,train,3
1225,e,train,5
1226,p,train,1
1227,e,train,2
1228,e,train,4
1229,e,train,1
1230,e,train,5
1231,p,train,2
1232,p,train,5
1233,p,train,1
1234,e,train,2
1235,e,train,4
1236,e,train,3
1237,p,train,3
1238,e,test,
1239,e,train,5
1240,e,train,3
1241,p,train,2
1242,p,train,2
1243,p,train,2
1244,p,train,5
1245,p,train,5
1246,e,train,2
1247,e,train,5
1248,e,train,1
1249,p,train,4
1250,p,train,4
1251,p,train,2
1252,p,train,1
1253,p,train,1
1254,p,test,
1255,e,train,1
1256,e,test,
1257,e,train,2
1258,p,train,4
1259,e,train,3
1260,e,train,3
1261,p,train,1
1262,e,train,5
1263,p,train,5
1264,e,train,1
1265,e,test,
1266,e,train,3
1267,e,train,3
1268,p,train,5
1269,e,train,3
1270,e,train,4
1271,e,train,2
1272,p,train,3
1273,e,train,2
1274,e,train,3
1275,e,train,1
1276,e,train,1
1277,e,test,
1278,e,train,4
1279,e,train,4
1280,p,train,1
1281,e,test,
1282,p,train,5
1283,e,train,2
1284,e,train,1
1285,e,test,
1286,e,train,4
1287,p,test,
1288,p,train,4
1289,p,train,4
1290,p,test,
1291,e,train,5
1292,e,train,4
1293,e,test,
1294,p,train,1
1295,e,train,4
1296,e,test,
1297,e,train,5
1298,e,train,3
1299,e,train,1
1300,e,test,
1301,e,train,2
1302,p,train,3
1303,e,train,1
1304,e,train,5
1305,p,train,1
1306,p,train,4
1307,e,train,1
1308,e,test,
1309,p,train,1
1310,e,train,4
1311,p,train,3
1312,e,train,4
1313,p,train,2
1314,p,train,5
1315,e,train,4
1316,e,train,4
1317,e,train,2
1318,e,train,2
1319,e,test,
1320,e,train,1
1321,e,train,2
1322,e,train,5
1323,p,train,2
1324,e,test,
1325,p,train,3
1326,e,train,3
1327,p,train,1
1328,e,test,
1329,e,train,4
1330,e,train,1
1331,p,train,1
1332,e,train,2
1333,e,train,3
1334,e,train,5
1335,e,train,5
1336,e,test,
1337,e,train,5
1338,e,train,1
1339,e,train,1
1340,e,train,1
1341,e,train,5
1342,e,train,4
1343,e,train,5
1344,p,train,5
1345,p,train,2
1346,p,train,3
1347,e,train,3
1348,p,train,3
1349,e,train,4
1350,p,train,2
1351,e,train,4
1352,e,test,
1353,e,train,3
1354,p,train,5
1355,e,train,5
1356,p,train,2
1357,e,train,2
1358,e,train,1
1359,e,train,1
1360,e,train,5
1361,p,train,2
1362,e,train,5
1363,e,train,5
1364,p,train,4
1365,e,train,3
1366,p,test,
1367,e,test,
1368,e,train,5
1369,e,train,3
1370,e,train,1
1371,p,train,2
1372,e,train,2
1373,e,test,
1374,e,train,1
1375,p,train,5
1376,e,train,1
1377,e,test,
1378,p,train,3
1379,e,train,1
1380,e,test,
1381,e,train,1
1382,e,test,
1383,e,train,2
1384,p,train,5
1385,e,train,5
1386,e,train,5
1387,p,train,2
1388,p,train,3
1389,e,train,2
1390,e,train,3
1391,p,train,2
1392,p,train,4
1393,e,train,3
1394,p,train,4
1395,p,train,4
1396,e,train,5
1397,e,train,1
1398,e,train,5
1399,e,train,2
1400,e,train,3
1401,e,train,1
1402,p,test,
1403,e,test,
1404,e,test,
1405,p,train,3
1406,e,train,1
1407,e,test,
1408,p,test,
1409,p,train,5
1410,e,test,
1411,p,test,
1412,e,train,3
1413,e,train,2
1414,e,train,4
1415,e,train,2
1416,p,test,
1417,e,train,2
1418,e,test,
1419,p,test,
1420,p,test,
1421,p,train,4
1422,e,train,1
1423,e,train,5
1424,e,test,
1425,e,train,4
1426,e,train,5
1427,p,train,4
1428,p,test,
1429,e,train,5
1430,e,train,3
1431,e,train,2
1432,p,train,4
1433,e,train,3
1434,p,train,1
1435,p,train,4
1436,p,train,3
1437,e,test,
1438,p,train,3
1439,e,train,2
1440,e,test,
1441,e,train,4
1442,p,train,3
1443,p,train,1
1444,p,train,5
1445,e,train,3
1446,p,train,1
1447,e,train,3
1448,p,train,2
1449,p,test,
1450,e,test,
1451,p,train,3
1452,e,test,
1453,e,test,
1454,e,train,5
1455,p,test,
1456,e,test,
1457,p,train,4
1458,e,train,1
1459,e,train,3
1460,e,train,3
1461,e,test,
1462,e,train,2
1463,e,train,5
1464,e,train,4
1465,e,train,4
1466,e,train,4
1467,p,train,2
1468,p,train,2
1469,e,train,4
1470,p,train,4
1471,p,train,3
1472,e,train,1
1473,p,test,
1474,e,train,2
1475,e,train,3
1476,e,train,5
1477,e,test,
1478,p,train,5
1479,e,test,
1480,p,test,
1481,e,train,1
1482,e,train,2
1483,e,train,4
1484,e,train,2
1485,e,train,1
1486,e,train,5
1487,e,train,5
1488,p,train,1
1489,e,train,4
1490,e,train,5
1491,p,train,5
1492,p,train,2
1493,e,train,2
1494,p,train,3
1495,e,train,2
1496,e,train,2
1497,p,train,5
1498,p,train,4
1499,p,train,2
1500,p,train,4
1501,p,train,3
1502,e,train,2
1503,p,test,
1504,e,train,5
1505,e,train,5
1506,p,train,4
1507,p,train,4
1508,p,train,1
1509,p,train,5
1510,p,train,1
1511,p,train,1
1512,e,train,5
1513,e,train,4
1514,e,train,2
1515,e,train,4
1516,e,train,5
1517,p,train,4
1518,e,train,2
1519,p,test,
1520,p,train,3
1521,p,train,3
1522,e,train,2
1523,p,train,4
1524,e,train,4
1525,e,test,
1526,e,train,2
1527,e,train,2
1528,e,train,5
1529,e,train,3
1530,e,train,5
1531,p,train,1
1532,e,train,4
1533,e,train,2
1534,e,train,1
1535,e,train,2
1536,p,train,1
1537,e,train,3
1538,e,train,1
1539,e,train,3
1540,p,train,1
1541,e,train,5
1542,e,train,2
1543,e,train,2
1544,p,train,5
1545,p,train,3
1546,p,test,
1547,e,train,1
1548,e,train,2
1549,e,train,5
1550,p,train,2
1551,e,train,5
1552,e,train,1
1553,e,train,5
1554,e,train,1
1555,e,train,5
1556,e,train,5
1557,p,test,
1558,e,train,5
1559,e,train,4
1560,p,train,1
1561,p,train,3
1562,e,train,3
1563,p,train,4
1564,p,train,5
1565,p,test,
1566,e,train,2
1567,p,train,4
1568,e,train,3
1569,e,train,4
1570,e,train,2
1571,p,test,
1572,p,train,4
1573,e,train,4
1574,p,train,2
1575,e,train,3
1576,e,test,
1577,p,train,3
1578,p,train,3
1579,p,train,2
1580,e,test,
1581,e,test,
1582,p,train,5
1583,e,test,
1584,e,train,4
1585,e,test,
1586,e,test,
1587,p,train,4
1588,p,train,2
1589,p,test,
1590,e,train,3
1591,e,train,3
1592,p,train,2
1593,p,train,1
1594,e,train,3
1595,e,train,4
1596,p,train,3
1597,p,train,4
1598,e,train,4
1599,e,train,2
1600,e,train,5
1601,e,train,3
1602,e,train,5
1603,p,train,1
1604,e,train,4
1605,e,test,
1606,e,test,
1607,e,train,3
1608,e,train,3
1609,p,train,4
1610,e,test,
1611,e,train,2
1612,e,test,
1613,e,train,5
1614,e,train,1
1615,e,test,
1616,e,train,4
1617,e,train,5
1618,e,train,1
1619,e,train,1
1620,e,train,1
1621,e,train,4
1622,p,train,4
1623,p,train,1
1624,e,train,5
1625,e,train,1
1626,e,train,1
1627,e,train,3
1628,p,test,
1629,p,test,
1630,p,train,1
1631,p,train,3
1632,e,test,
1633,e,test,
1634,e,train,2
1635,e,train,1
1636,p,train,4
1637,e,test,
1638,e,test,
1639,e,train,4
1640,e,train,4
1641,p,train,2
1642,p,train,4
1643,e,train,2
1644,p,train,3
1645,p,test,
1646,e,train,5
1647,e,train,3
1648,p,train,2
1649,e,train,1
1650,e,train,4
1651,p,train,2
1652,e,train,2
1653,e,train,4
1654,p,train,3
1655,e,train,3
1656,e,train,2
1657,p,train,4
1658,p,train,2
1659,e,test,
1660,e,train,1
1661,e,train,1
1662,e,train,4
1663,p,train,4
1664,e,test,
1665,e,train,5
1666,p,test,
1667,e,train,3
1668,p,train,1
1669,p,test,
1670,p,train,1
1671,e,test,
1672,e,test,
1673,e,train,2
1674,e,train,5
1675,e,train,3
1676,p,test,
1677,e,test,
1678,p,train,3
1679,e,test,
1680,p,train,2
1681,e,train,1
1682,p,train,5
1683,e,train,1
1684,e,train,5
1685,p,train,2
1686,p,train,2
1687,p,train,3
1688,p,train,2
1689,e,train,3
1690,e,train,5
1691,e,train,4
1692,e,test,
1693,e,train,4
1694,p,train,5
1695,e,train,3
1696,e,train,5
1697,e,train,2
1698,p,test,
1699,e,train,5
1700,p,test,
1701,e,train,1
1702,p,train,5
1703,e,train,5
1704,e,train,3
1705,e,train,4
1706,e,test,
1707,p,train,3
1708,e,train,4
1709,e,train,2
1710,e,train,3
1711,e,train,3
1712,p,train,4
1713,e,train,2
1714,p,train,5
1715,p,test,
1716,e,train,1
1717,p,train,4
1718,e,test,
1719,p,test,
1720,e,train,1
1721,e,train,2
1722,e,train,1
1723,e,train,2
1724,p,train,2
1725,e,train,4
1726,e,test,
1727,e,train,2
1728,e,train,4
1729,p,train,1
1730,p,train,1
1731,e,train,3
1732,e,train,2
1733,p,train,5
1734,e,train,1
1735,p,test,
1736,e,train,2
1737,p,train,2
1738,p,train,1
1739,e,train,5
1740,e,test,
1741,p,train,2
1742,e,test,
1743,e,train,5
1744,e,test,
1745,p,train,5
1746,e,train,3
1747,p,train,5
1748,p,train,1
1749,e,train,1
1750,e,test,
1751,p,train,2
1752,e,test,
1753,e,train,5
1754,p,train,5
1755,p,train,2
1756,e,train,4
1757,p,train,3
1758,p,train,4
1759,e,test,
1760,p,train,1
1761,p,train,1
1762,p,train,3
1763,e,train,5
1764,p,train,4
1765,p,test,
1766,e,train,1
1767,e,train,4
1768,e,train,5
1769,p,train,2
1770,e,train,2
1771,e,train,3
1772,p,train,3
1773,e,test,
1774,e,test,
1775,e,train,4
1776,p,train,1
1777,e,train,4
1778,e,train,5
1779,e,test,
1780,e,test,
1781,p,train,3
1782,e,train,3
1783,p,train,1
1784,p,test,
1785,e,train,5
1786,p,train,1
1787,p,train,1
1788,e,train,2
1789,p,test,
1790,p,train,1
1791,p,train,5
1792,p,train,4
1793,e,train,3
1794,p,train,5
1795,e,train,2
1796,e,train,2
1797,p,train,3
1798,e,train,5
1799,e,train,2
1800,p,train,4
1801,p,train,4
1802,e,train,3
1803,p,train,2
1804,e,test,
1805,e,train,1
1806,e,train,3
1807,e,test,
1808,p,test,
1809,e,train,1
1810,e,train,5
1811,p,train,5
1812,e,train,5
1813,e,train,1
1814,e,train,3
1815,p,train,5
1816,p,train,3
1817,e,train,1
1818,p,train,2
1819,p,train,2
1820,p,train,2
1821,e,train,2
1822,p,train,1
1823,p,train,5
1824,p,train,1
1825,e,train,1
1826,e,train,2
1827,e,train,3
1828,e,train,4
1829,p,train,4
1830,e,train,3
1831,e,train,3
1832,e,train,4
1833,e,train,4
1834,e,train,5
1835,e,train,4
1836,p,train,5
1837,p,train,3
1838,p,train,3
1839,e,train,4
1840,e,train,2
1841,e,test,
1842,e,train,4
1843,e,train,5
1844,e,train,4
1845,e,test,
1846,e,train,5
1847,p,test,
1848,p,train,2
1849,e,train,2
1850,e,test,
1851,e,train,3
1852,e,train,3
1853,p,train,4
1854,e,train,2
1855,e,test,
1856,p,train,4
1857,e,train,1
1858,e,train,3
1859,e,test,
1860,p,train,5
1861,e,test,
1862,p,train,2
1863,e,train,5
1864,p,train,1
1865,e,train,2
1866,p,train,3
1867,p,train,4
1868,e,train,2
1869,e,train,5
1870,e,train,1
1871,e,test,
1872,e,train,4
1873,e,train,2
1874,p,train,2
1875,p,train,2
1876,p,train,5
1877,p,train,4
1878,p,train,4
1879,e,test,
1880,p,train,2
1881,e,train,2
1882,e,test,
1883,e,train,1
1884,p,train,4
1885,e,train,4
1886,e,train,4
1887,e,train,5
1888,e,train,4
1889,e,test,
1890,e,test,
1891,p,train,2
1892,e,train,5
1893,e,test,
1894,e,train,2
1895,e,test,
1896,e,test,
1897,e,test,
1898,e,train,5
1899,e,train,3
1900,e,train,1
1901,e,test,
1902,e,train,4
1903,e,train,2
1904,p,train,1
1905,e,train,1
1906,e,test,
1907,p,train,3
1908,e,train,1
1909,p,train,3
1910,e,train,3
1911,p,train,2
1912,e,train,5
1913,e,test,
1914,e,test,
1915,e,train,2
1916,e,train,3
1917,e,train,5
1918,p,train,2
1919,e,train,3
1920,p,test,
1921,p,train,3
1922,p,train,2
1923,p,train,5
1924,e,train,1
1925,p,test,
1926,e,train,1
1927,p,train,2
1928,p,train,3
1929,p,train,2
1930,e,train,3
1931,p,train,1
1932,e,train,3
1933,e,train,5
1934,p,train,3
1935,e,train,2
1936,p,train,4
1937,e,train,1
1938,p,train,5
1939,e,train,4
1940,p,train,5
1941,e,test,
1942,p,test,
1943,e,train,3
1944,e,train,2
1945,p,train,4
1946,p,train,1
1947,p,train,4
1948,p,train,3
1949,e,test,
1950,e,test,
1951,e,train,1
1952,p,train,3
1953,e,train,5
1954,e,train,4
1955,e,train,3
1956,p,train,2
1957,p,train,3
1958,p,train,5
1959,e,train,4
1960,e,train,4
1961,e,test,
1962,e,train,2
1963,e,train,5
1964,e,train,3
1965,e,train,5
1966,e,train,3
1967,e,train,2
1968,p,test,
1969,p,train,3
1970,e,train,5
1971,e,train,1
1972,p,train,3
1973,p,train,2
1974,e,train,2
1975,e,train,1
1976,p,train,1
1977,p,train,1
1978,e,train,4
1979,e,train,1
1980,e,train,5
1981,p,train,1
1982,e,train,3
1983,p,train,2
1984,e,train,5
1985,e,train,1
1986,e,train,1
1987,e,train,3
1988,p,test,
1989,e,train,4
1990,p,train,3
1991,p,train,2
1992,e,train,1
1993,p,train,3
1994,e,test,
1995,e,train,2
1996,e,train,4
1997,e,test,
1998,e,train,2
1999,e,train,1
2000,e,test,
2001,p,train,1
2002,p,train,1
2003,e,test,
2004,e,train,5
2005,p,train,2
2006,e,train,1
2007,p,test,
2008,e,train,4
2009,e,train,1
2010,p,test,
2011,e,train,2
2012,e,train,5
2013,e,train,4
2014,e,test,
2015,e,train,5
2016,e,train,2
2017,e,train,4
2018,e,train,5
2019,e,train,4
2020,e,train,5
2021,p,train,1
2022,e,train,3
2023,p,train,5
2024,p,train,5
2025,e,train,5
2026,e,train,5
2027,p,train,4
2028,e,train,2
2029,e,test,
2030,p,train,3
2031,e,train,1
2032,p,train,4
2033,p,train,3
2034,e,train,2
2035,p,train,4
2036,e,train,4
2037,p,train,4
2038,p,test,
2039,e,train,1
2040,e,test,
2041,e,train,5
2042,e,train,4
2043,e,train,4
2044,e,train,3
2045,p,train,5
2046,e,train,5
2047,p,train,1
2048,e,train,4
2049,p,train,5
2050,e,train,2
2051,e,train,4
2052,e,train,3
2053,e,train,2
2054,e,train,3
2055,e,train,5
2056,p,train,3
2057,e,train,1
2058,p,train,2
2059,p,train,4
2060,p,train,1
2061,e,test,
2062,p,train,3
2063,e,train,3
2064,p,train,3
2065,e,train,5
2066,p,train,1
2067,e,train,1
2068,e,train,3
2069,e,train,2
2070,e,train,2
2071,e,train,1
2072,e,train,5
2073,e,train,2
2074,p,train,5
2075,e,test,
2076,e,train,1
2077,p,train,1
2078,e,train,3
2079,p,train,3
2080,e,train,3
2081,p,train,4
2082,e,train,1
2083,e,train,3
2084,e,train,2
2085,p,train,4
2086,p,train,5
2087,p,train,3
2088,e,train,4
2089,e,test,
2090,p,train,4
2091,p,train,1
2092,e,train,5
2093,p,test,
2094,e,train,4
2095,e,train,3
2096,p,train,3
2097,e,train,4
2098,p,test,
2099,e,train,2
2100,e,train,5
2101,e,test,
2102,p,test,
2103,e,train,4
2104,e,train,5
2105,e,train,3
2106,e,train,3
2107,p,test,
2108,e,train,1
2109,p,train,3
2110,e,train,4
2111,p,train,1
2112,e,train,3
2113,e,train,3
2114,p,train,1
2115,e,test,
2116,e,train,4
2117,e,train,4
2118,e,test,
2119,e,train,4
2120,p,train,4
2121,p,train,1
2122,e,test,
2123,e,test,
2124,e,train,3
2125,e,train,2
2126,p,train,1
2127,p,train,2
2128,p,train,5
2129,e,test,
2130,e,train,1
2131,e,train,3
2132,e,train,3
2133,p,train,3
2134,p,train,5
2135,e,train,2
2136,e,train,3
2137,p,train,1
2138,p,test,
2139,e,test,
2140,p,train,2
2141,e,train,3
2142,e,train,3
2143,e,train,4
2144,p,train,2
2145,p,test,
2146,e,train,1
2147,e,train,2
2148,p,test,
2149,e,test,
2150,p,train,2
2151,e,train,2
2152,e,train,2
2153,e,train,2
2154,p,train,3
2155,p,train,1
2156,e,train,4
2157,p,train,5
2158,e,train,5
2159,e,train,2
2160,e,train,2
2161,e,train,5
2162,e,train,2
2163,e,train,1
2164,e,train,4
2165,p,train,1
2166,e,train,4
2167,p,train,1
2168,e,train,3
2169,e,train,2
2170,e,test,
2171,e,train,3
2172,e,train,4
2173,e,train,2
2174,e,train,2
2175,p,train,5
2176,e,train,1
2177,e,train,3
2178,e,train,3
2179,e,train,3
2180,p,train,3
2181,e,train,2
2182,e,train,4
2183,e,train,3
2184,e,train,1
2185,e,train,4
2186,p,train,3
2187,e,train,3
2188,e,train,5
2189,p,test,
2190,p,train,2
2191,p,train,2
2192,e,train,3
2193,e,train,1
2194,e,train,3
2195,p,test,
2196,e,test,
2197,e,train,1
2198,e,test,
2199,e,train,1
2200,e,train,3
2201,e,train,4
2202,e,train,1
2203,p,train,2
2204,p,train,5
2205,e,train,1
2206,e,test,
2207,e,train,2
2208,e,train,3
2209,p,train,2
2210,e,train,4
2211,p,train,5
2212,e,train,5
2213,e,train,4
2214,e,train,4
2215,p,train,4
2216,e,train,2
2217,e,train,5
2218,p,test,
2219,e,test,
2220,e,train,3
2221,e,test,
2222,e,train,4
2223,p,train,2
2224,e,test,
2225,p,train,4
2226,p,test,
2227,e,train,1
2228,p,train,2
2229,p,train,1
2230,e,test,
2231,e,train,3
2232,p,train,3
2233,e,train,3
2234,e,train,5
2235,p,train,2
2236,p,test,
2237,e,train,2
2238,p,test,
2239,e,train,1
2240,e,train,1
2241,p,test,
2242,e,train,4
2243,e,train,3
2244,e,train,3
2245,e,train,5
2246,e,train,2
2247,e,train,1
2248,e,train,2
2249,e,train,4
2250,e,train,5
2251,e,train,2
2252,p,test,
2253,e,train,3
2254,e,train,4
2255,e,train,4
2256,p,train,1
2257,e,train,1
2258,p,train,1
2259,p,train,5
2260,p,train,3
2261,e,test,
2262,p,train,3
2263,e,train,2
2264,p,train,1
2265,p,train,2
2266,e,train,3
2267,e,train,2
2268,p,train,3
2269,e,train,3
2270,p,train,1
2271,e,train,1
2272,e,train,2
2273,e,train,2
2274,e,train,5
2275,e,train,3
2276,e,test,
2277,p,train,2
2278,e,train,3
2279,p,train,5
2280,p,train,1
2281,e,train,2
2282,p,train,4
2283,e,train,3
2284,e,train,5
2285,e,train,3
2286,p,test,
2287,e,train,5
2288,e,train,2
2289,e,test,
2290,e,test,
2291,p,train,2
2292,e,train,4
2293,p,test,
2294,e,train,3
2295,e,train,5
2296,e,train,1
2297,e,train,5
2298,e,test,
2299,e,train,3
2300,e,train,1
2301,p,train,3
2302,e,train,4
2303,p,train,5
2304,e,train,1
2305,e,train,4
2306,e,train,5
2307,e,train,1
2308,e,train,5
2309,p,train,5
2310,e,train,1
2311,p,train,1
2312,p,train,3
2313,p,train,5
2314,e,train,4
2315,p,train,5
2316,e,train,5
2317,p,train,3
2318,e,train,2
2319,p,test,
2320,e,train,3
2321,p,train,3
2322,e,train,2
2323,p,train,2
2324,p,train,4
2325,p,train,1
2326,p,train,1
2327,e,train,5
2328,e,train,2
2329,e,train,5
2330,p,train,3
2331,e,train,3
2332,e,test,
2333,p,test,
2334,p,train,3
2335,e,train,2
2336,p,train,2
2337,e,train,4
2338,p,train,3
2339,e,train,1
2340,e,test,
2341,e,test,
2342,p,train,1
2343,e,test,
2344,p,train,2
2345,e,train,5
2346,e,train,2
2347,e,test,
2348,e,train,5
2349,e,test,
2350,p,train,3
2351,e,train,4
2352,e,train,3
2353,e,train,1
2354,p,train,1
2355,e,train,5
2356,e,train,1
2357,e,train,4
2358,e,train,5
2359,p,test,
2360,p,train,2
2361,p,test,
2362,p,test,
2363,e,train,1
2364,e,train,2
2365,e,train,2
2366,p,test,
2367,e,train,1
2368,e,train,5
2369,p,train,5
2370,e,train,3
2371,e,train,1
2372,p,train,2
2373,p,test,
2374,p,train,1
2375,e,train,1
2376,p,train,2
2377,e,train,1
2378,e,train,4
2379,e,train,2
2380,e,train,5
2381,e,train,1
2382,p,train,4
2383,e,train,4
2384,e,train,3
2385,e,train,3
2386,p,train,4
2387,e,train,2
2388,p,train,4
2389,e,test,
2390,e,train,5
2391,e,train,4
2392,e,train,4
2393,p,train,3
2394,e,train,4
2395,p,test,
2396,e,train,5
2397,e,train,4
2398,p,train,3
2399,e,train,2
2400,p,train,5
2401,e,test,
2402,e,test,
2403,p,train,3
2404,p,train,3
2405,e,train,1
2406,e,train,4
2407,p,test,
2408,p,train,5
2409,e,test,
2410,p,train,5
2411,p,train,5
2412,e,train,3
2413,e,test,
2414,p,test,
2415,e,test,
2416,e,train,1
2417,p,train,4
2418,e,train,2
2419,p,train,2
2420,e,train,1
2421,p,test,
2422,e,train,2
2423,e,train,5
2424,e,train,4
2425,e,test,
2426,e,train,3
2427,e,train,2
2428,e,test,
2429,p,train,1
2430,p,train,3
2431,p,test,
2432,e,test,
2433,e,train,4
2434,e,train,5
2435,p,train,5
2436,e,train,4
2437,e,test,
2438,p,train,1
2439,e,train,2
2440,p,train,4
2441,e,train,5
2442,p,train,1
2443,e,train,4
2444,p,train,5
2445,e,test,
2446,e,train,3
2447,e,train,2
2448,e,train,1
2449,e,train,3
2450,e,train,1
2451,e,train,1
2452,e,train,2
2453,e,train,3
2454,p,test,
2455,p,train,3
2456,e,train,1
2457,e,train,4
2458,e,test,
2459,e,test,
2460,e,train,5
2461,e,train,4
2462,p,train,1
2463,e,train,4
2464,e,test,
2465,p,train,4
2466,p,train,4
2467,p,test,
2468,e,train,1
2469,e,test,
2470,p,train,4
2471,e,train,1
2472,e,train,4
2473,p,train,1
2474,e,train,1
2475,e,train,4
2476,p,train,5
2477,e,test,
2478,p,train,2
2479,e,test,
2480,p,train,1
2481,e,test,
2482,e,train,2
2483,p,train,3
2484,e,train,1
2485,e,train,5
2486,e,train,1
2487,p,train,2
2488,p,train,4
2489,e,test,
2490,p,train,2
2491,e,train,1
2492,e,train,1
2493,p,test,
2494,e,train,4
2495,e,train,2
2496,e,train,3
2497,e,train,1
2498,p,train,2
2499,e,train,5
2500,e,train,1
2501,p,test,
2502,e,train,1
2503,e,train,4
2504,p,train,4
2505,p,train,4
2506,p,train,3
2507,p,train,3
2508,e,train,3
2509,p,train,1
2510,p,train,5
2511,p,train,2
2512,p,train,1
2513,p,train,3
2514,e,train,2
2515,e,train,2
2516,e,test,
2517,p,train,4
2518,e,train,2
2519,p,train,1
2520,p,train,4
2521,p,train,3
2522,e,train,1
2523,p,train,1
2524,e,train,5
2525,e,train,4
2526,e,train,2
2527,e,train,4
2528,p,train,5
2529,e,train,2
2530,e,train,2
2531,e,train,4
2532,e,train,2
2533,e,train,2
2534,e,train,1
2535,e,train,1
2536,e,train,2
2537,p,train,1
2538,e,train,5
2539,e,train,3
2540,e,train,5
2541,p,train,5
2542,p,test,
2543,e,train,5
2544,p,train,1
2545,e,train,5
2546,e,test,
2547,e,train,2
2548,p,train,4
2549,e,test,
2550,e,test,
2551,p,train,2
2552,p,train,5
2553,p,train,4
2554,e,train,4
2555,e,train,3
2556,p,train,4
2557,e,train,4
2558,p,train,3
2559,e,train,5
2560,p,train,2
2561,e,train,5
2562,e,train,2
2563,p,test,
2564,e,train,2
2565,e,test,
2566,e,train,2
2567,e,train,5
2568,p,train,1
2569,e,train,4
2570,e,train,3
2571,e,train,5
2572,e,test,
2573,e,train,2
2574,e,train,4
2575,e,train,3
2576,e,test,
2577,e,train,2
2578,e,train,5
2579,e,train,2
2580,p,test,
2581,e,train,4
2582,p,train,4
2583,e,train,1
2584,e,test,
2585,p,test,
2586,e,train,2
2587,e,test,
2588,e,train,1
2589,e,train,5
2590,e,train,4
2591,e,train,5
2592,p,train,3
2593,e,train,4
2594,p,train,4
2595,e,test,
2596,p,train,1
2597,e,train,5
2598,p,train,4
2599,e,train,1
2600,e,train,3
2601,e,train,5
2602,e,train,1
2603,p,train,1
2604,e,train,1
2605,e,train,4
2606,e,train,5
2607,p,test,
2608,p,train,4
2609,e,train,4
2610,e,train,2
2611,e,train,5
2612,p,test,
2613,e,train,1
2614,p,test,
2615,p,train,1
2616,p,train,4
2617,p,train,1
2618,e,train,1
2619,e,train,4
2620,e,train,4
2621,e,train,2
2622,e,train,2
2623,e,train,5
2624,e,train,3
2625,e,train,5
2626,e,train,4
2627,e,test,
2628,e,train,4
2629,e,train,3
2630,e,train,2
2631,e,train,2
2632,e,test,
2633,e,test,
2634,e,train,5
2635,p,train,1
2636,e,train,3
2637,p,test,
2638,e,test,
2639,p,test,
2640,e,test,
2641,e,test,
2642,p,train,3
2643,e,train,4
2644,e,test,
2645,p,test,
2646,e,train,5
2647,p,test,
2648,e,train,1
2649,e,train,1
2650,p,train,5
2651,p,train,3
2652,e,train,2
2653,e,test,
2654,p,train,1
2655,p,train,5
2656,e,train,5
2657,e,train,5
2658,p,train,4
2659,e,train,4
2660,p,train,4
2661,p,train,2
2662,e,train,1
2663,p,train,3
2664,e,test,
2665,e,test,
2666,p,train,5
2667,p,test,
2668,p,train,3
2669,e,train,2
2670,e,train,2
2671,e,train,2
2672,e,train,4
2673,p,train,1
2674,p,train,4
2675,e,train,4
2676,e,train,3
2677,p,train,3
2678,e,train,3
2679,e,train,4
2680,p,test,
2681,e,train,5
2682,p,train,3
2683,e,train,3
2684,p,train,5
2685,p,train,3
2686,e,train,2
2687,e,test,
2688,p,train,5
2689,e,train,3
2690,e,test,
2691,e,test,
2692,e,train,4
2693,e,train,5
2694,e,train,3
2695,e,train,4
2696,p,train,4
2697,e,train,1
2698,e,train,2
2699,p,train,2
2700,e,train,1
2701,p,train,5
2702,p,train,2
2703,e,train,4
2704,e,train,1
2705,p,train,2
2706,e,train,3
2707,p,train,4
2708,e,train,4
2709,e,train,2
2710,e,train,4
2711,p,train,5
2712,e,test,
2713,e,test,
2714,e,train,2
2715,e,train,3
2716,p,train,3
2717,e,test,
2718,e,train,4
2719,e,train,3
2720,p,train,1
2721,p,train,1
2722,p,train,2
2723,e,test,
2724,p,train,2
2725,e,test,
2726,p,train,2
2727,p,train,4
2728,e,test,
2729,e,train,5
2730,e,train,2
2731,e,train,5
2732,p,train,1
2733,e,train,3
2734,e,train,4
2735,p,train,4
2736,e,test,
2737,e,train,3
2738,p,test,
2739,e,test,
2740,e,test,
2741,e,train,1
2742,p,train,3
2743,e,test,
2744,p,train,2
2745,p,train,3
2746,p,train,3
2747,e,train,5
2748,e,train,4
2749,e,train,1
2750,e,train,3
2751,p,train,2
2752,e,train,5
2753,e,test,
2754,e,test,
2755,e,train,3
2756,p,train,2
2757,e,test,
2758,e,train,3
2759,e,train,5
2760,e,train,5
2761,e,train,5
2762,p,train,5
2763,p,train,3
2764,p,train,5
2765,e,train,1
2766,e,train,1
2767,e,train,2
2768,e,test,
2769,p,test,
2770,e,train,3
2771,e,train,2
2772,e,train,3
2773,e,train,3
2774,p,test,
2775,e,train,5
2776,e,train,2
2777,e,test,
2778,e,train,1
2779,p,train,4
2780,e,train,3
2781,e,train,1
2782,e,train,2
2783,e,train,3
2784,e,train,5
2785,p,train,5
2786,e,train,2
2787,e,train,3
2788,e,train,1
2789,p,train,1
2790,e,train,5
2791,e,test,
2792,e,test,
2793,p,test,
2794,e,train,4
2795,e,train,1
2796,p,train,1
2797,e,train,5
2798,e,train,2
2799,p,train,5
2800,e,train,1
2801,e,train,2
2802,p,train,4
2803,p,train,3
2804,e,train,1
2805,e,train,2
2806,e,train,4
2807,e,train,1
2808,p,train,2
2809,e,train,3
2810,e,train,1
2811,p,test,
2812,e,train,1
2813,e,train,2
2814,e,train,5
2815,e,train,4
2816,e,test,
2817,p,train,1
2818,p,train,5
2819,p,train,2
2820,p,train,4
2821,e,train,2
2822,e,train,5
2823,e,train,1
2824,e,train,2
2825,p,train,4
2826,e,train,1
2827,e,test,
2828,e,test,
2829,e,test,
2830,e,train,1
2831,e,train,5
2832,e,train,1
2833,e,train,1
2834,p,train,4
2835,p,train,3
2836,e,train,2
2837,e,train,1
2838,e,train,1
2839,e,train,4
2840,e,test,
2841,p,train,3
2842,p,train,4
2843,p,train,3
2844,e,train,4
2845,e,train,5
2846,e,train,2
2847,e,train,1
2848,e,test,
2849,e,train,5
2850,e,train,4
2851,p,train,4
2852,e,train,4
2853,p,train,1
2854,e,train,3
2855,e,train,5
2856,p,train,2
2857,e,train,3
2858,e,train,2
2859,e,test,
2860,p,train,4
2861,e,test,
2862,p,train,3
2863,p,train,4
2864,p,train,1
2865,e,train,4
2866,e,train,1
2867,e,test,
2868,p,train,1
2869,p,train,1
2870,p,train,2
2871,e,train,4
2872,e,test,
2873,e,train,1
2874,p,train,5
2875,p,test,
2876,p,train,3
2877,e,train,3
2878,e,train,3
2879,e,train,4
2880,e,train,2
2881,e,train,2
2882,e,test,
2883,e,train,3
2884,e,test,
2885,p,train,3
2886,e,train,1
2887,e,train,3
2888,p,train,5
2889,p,train,5
2890,e,test,
2891,e,train,5
2892,p,train,5
2893,p,test,
2894,e,train,4
2895,e,test,
2896,e,train,3
2897,e,train,2
2898,p,train,1
2899,p,train,1
2900,e,train,4
2901,e,test,
2902,p,train,1
2903,e,train,4
2904,p,train,1
2905,e,train,2
2906,e,train,1
2907,p,train,3
2908,e,test,
2909,e,train,5
2910,e,train,5
2911,p,test,
2912,p,train,1
2913,p,train,5
2914,e,train,4
2915,e,train,4
2916,e,train,4
2917,p,train,4
2918,e,test,
2919,e,train,3
2920,p,train,1
2921,e,train,5
2922,e,test,
2923,e,train,3
2924,e,test,
2925,e,train,1
2926,p,train,3
2927,p,test,
2928,e,test,
2929,p,train,4
2930,e,train,3
2931,e,train,2
2932,e,train,5
2933,e,train,4
2934,p,train,5
2935,e,train,2
2936,e,train,5
2937,e,train,5
2938,e,train,1
2939,p,test,
2940,e,train,4
2941,e,train,5
2942,p,train,4
2943,e,train,2
2944,p,train,2
2945,p,test,
2946,e,train,1
2947,e,train,5
2948,e,train,1
2949,e,train,4
2950,e,train,2
2951,e,train,3
2952,e,test,
2953,e,train,4
2954,e,test,
2955,e,train,3
2956,e,train,2
2957,e,train,5
2958,e,train,5
2959,e,train,5
2960,e,train,5
2961,e,train,1
2962,p,train,3
2963,p,train,1
2964,e,train,4
2965,p,train,5
2966,e,train,3
2967,e,test,
2968,e,train,3
2969,e,train,4
2970,e,train,4
2971,e,train,5
2972,e,train,2
2973,e,train,3
2974,e,train,3
2975,p,test,
2976,e,train,5
2977,e,train,2
2978,p,train,1
2979,e,test,
2980,p,train,4
2981,e,train,3
2982,p,train,4
2983,p,train,5
2984,p,train,2
2985,e,train,5
2986,e,train,4
2987,p,train,3
2988,p,train,5
2989,e,train,4
2990,p,test,
2991,p,train,1
2992,p,train,5
2993,p,test,
2994,e,train,5
2995,p,train,5
2996,p,train,5
2997,e,train,1
2998,p,train,3
2999,e,train,2
3000,p,train,1
3001,p,test,
3002,p,train,5
3003,e,train,3
3004,p,test,
3005,p,train,3
3006,e,train,2
3007,e,train,3
3008,e,train,3
3009,e,train,3
3010,e,train,5
3011,e,train,5
3012,p,test,
3013,e,train,2
3014,p,train,4
3015,e,train,1
3016,p,test,
3017,e,train,1
3018,e,test,
3019,e,train,5
3020,e,train,3
3021,p,train,2
3022,e,test,
3023,p,train,1
3024,p,train,4
3025,e,train,5
3026,e,train,2
3027,p,test,
3028,e,train,1
3029,e,train,1
3030,e,train,1
3031,e,test,
3032,e,train,4
3033,e,test,
3034,p,test,
3035,e,train,5
3036,p,train,5
3037,e,train,5
3038,e,test,
3039,e,train,3
3040,e,train,3
3041,e,train,4
3042,p,train,4
3043,p,train,4
3044,e,test,
3045,p,train,1
3046,p,train,4
3047,e,train,2
3048,p,train,5
3049,e,train,3
3050,p,train,1
3051,p,train,4
3052,e,train,3
3053,e,test,
3054,e,train,2
3055,e,train,1
3056,e,test,
3057,e,train,5
3058,p,test,
3059,p,train,1
3060,p,train,5
3061,p,train,4
3062,e,train,5
3063,e,train,3
3064,e,train,4
3065,e,train,3
3066,e,train,1
3067,e,train,4
3068,p,train,5
3069,e,train,4
3070,e,train,1
3071,p,train,2
3072,p,train,4
3073,p,train,4
3074,e,train,5
3075,e,train,1
3076,p,train,5
3077,e,train,3
3078,e,test,
3079,e,train,5
3080,e,train,5
3081,e,train,4
3082,p,test,
3083,e,test,
3084,e,train,5
3085,p,train,3
3086,e,train,3
3087,e,train,5
3088,p,train,4
3089,e,train,5
3090,e,train,2
3091,e,train,1
3092,p,train,2
3093,p,test,
3094,p,train,2
3095,e,test,
3096,p,train,2
3097,p,train,2
3098,e,test,
3099,e,train,1
3100,e,train,1
3101,p,train,1
3102,p,train,4
3103,e,train,1
3104,p,train,2
3105,e,train,5
3106,p,train,2
3107,e,train,1
3108,e,train,2
3109,e,train,1
3110,e,train,4
3111,p,test,
3112,e,train,4
3113,p,train,4
3114,e,train,5
3115,p,train,4
3116,p,train,5
3117,e,train,2
3118,e,train,4
3119,e,train,5
3120,e,train,4
3121,p,train,5
3122,e,train,3
3123,e,train,5
3124,e,train,2
3125,p,test,
3126,e,train,3
3127,p,train,5
3128,e,train,1
3129,e,train,3
3130,e,train,5
3131,p,test,
3132,e,train,4
3133,e,train,5
3134,e,test,
3135,e,train,5
3136,p,test,
3137,e,train,4
3138,e,train,2
3139,p,train,2
3140,p,train,5
3141,e,test,
3142,e,train,5
3143,p,train,4
3144,e,train,1
3145,e,train,4
3146,e,train,5
3147,p,train,4
3148,e,train,3
3149,p,train,1
3150,e,train,4
3151,e,train,3
3152,e,train,2
3153,e,train,2
3154,e,test,
3155,e,train,1
3156,e,train,5
3157,e,train,3
3158,e,train,1
3159,e,test,
3160,p,train,2
3161,e,train,1
3162,e,train,4
3163,e,train,1
3164,p,train,1
3165,e,train,1
3166,e,train,4
3167,e,train,4
3168,e,test,
3169,e,test,
3170,e,train,4
3171,e,train,2
3172,e,train,2
3173,e,test,
3174,p,train,2
3175,e,train,2
3176,e,train,5
3177,p,test,
3178,p,train,4
3179,p,train,5
3180,p,test,
3181,p,train,4
3182,e,train,4
3183,p,train,1
3184,p,train,1
3185,e,train,3
3186,e,train,1
3187,e,train,1
3188,e,train,4
3189,e,train,1
3190,e,train,5
3191,p,test,
3192,e,train,3
3193,e,train,3
3194,e,test,
3195,p,train,2
3196,e,train,2
3197,p,train,1
3198,p,train,5
3199,p,train,2
3200,p,train,1
3201,p,train,1
3202,e,train,4
3203,e,train,5
3204,e,train,1
3205,p,train,3
3206,e,train,2
3207,e,train,4
3208,p,train,2
3209,e,train,5
3210,p,train,1
3211,e,test,
3212,e,train,2
3213,p,train,1
3214,e,train,4
3215,e,train,4
3216,e,train,4
3217,p,train,4
3218,e,train,4
3219,e,train,3
3220,p,test,
3221,e,train,4
3222,p,train,2
3223,e,train,4
3224,p,train,3
3225,e,train,1
3226,p,train,1
3227,p,test,
3228,e,train,2
3229,e,train,2
3230,e,train,5
3231,p,train,2
3232,p,test,
3233,e,train,5
3234,p,train,5
3235,p,train,4
3236,e,train,3
3237,e,train,5
3238,p,test,
3239,p,train,1
3240,e,train,1
3241,p,train,2
3242,p,test,
3243,e,train,1
3244,p,train,1
3245,p,train,4
3246,p,train,5
3247,p,train,3
3248,p,train,5
3249,e,train,5
3250,p,test,
3251,e,train,5
3252,e,train,2
3253,e,test,
3254,p,train,4
3255,e,train,1
3256,p,test,
3257,p,train,4
3258,e,train,2
3259,p,train,1
3260,e,train,1
3261,e,train,5
3262,e,train,5
3263,e,train,4
3264,p,train,5
3265,p,train,2
3266,e,train,5
3267,e,train,5
3268,p,train,1
3269,p,train,2
3270,e,train,2
3271,e,train,5
3272,p,train,3
3273,p,train,4
3274,e,test,
3275,e,train,1
3276,e,train,2
3277,e,test,
3278,e,train,4
3279,e,train,1
3280,e,train,1
3281,e,train,1
3282,p,test,
3283,p,test,
3284,e,train,2
3285,e,test,
3286,e,train,3
3287,p,train,4
3288,e,test,
3289,p,test,
3290,p,train,4
3291,e,train,3
3292,e,train,4
3293,e,train,4
3294,e,train,1
3295,e,train,3
3296,p,train,4
3297,e,train,3
3298,e,test,
3299,e,train,2
3300,e,train,3
3301,p,train,5
3302,e,train,1
3303,e,train,3
3304,e,test,
3305,p,train,4
3306,p,train,2
3307,e,test,
3308,e,train,5
3309,e,train,5
3310,p,train,3
3311,e,test,
3312,p,train,2
3313,e,train,5
3314,e,train,2
3315,p,train,5
3316,e,test,
3317,e,train,1
3318,e,test,
3319,e,train,1
3320,e,train,5
3321,e,train,2
3322,e,test,
3323,e,train,1
3324,p,train,2
3325,e,train,5
3326,e,train,2
3327,e,train,3
3328,p,train,2
3329,e,train,4
3330,e,train,3
3331,p,train,2
3332,p,test,
3333,p,train,1
3334,e,train,1
3335,e,test,
3336,e,train,3
3337,e,train,3
3338,e,test,
3339,p,train,2
3340,p,train,3
3341,e,train,4
3342,e,train,3
3343,e,test,
3344,e,train,1
3345,e,train,1
3346,e,train,3
3347,e,train,1
3348,p,train,3
3349,e,train,2
3350,e,train,3
3351,e,train,2
3352,p,train,2
3353,e,train,4
3354,e,train,3
3355,p,test,
3356,e,train,4
3357,e,train,2
3358,p,train,1
3359,e,train,2
3360,p,train,4
3361,e,test,
3362,p,train,5
3363,p,train,2
3364,e,train,1
3365,p,train,4
3366,p,test,
3367,e,train,4
3368,e,train,5
3369,p,train,3
3370,e,train,4
3371,p,train,2
3372,e,train,2
3373,p,train,1
3374,e,train,2
3375,p,train,5
3376,e,train,4
3377,e,test,
3378,e,train,1
3379,e,train,2
3380,p,train,3
3381,p,train,4
3382,e,train,1
3383,e,train,1
3384,e,train,4
3385,p,train,3
3386,p,train,3
3387,p,train,3
3388,e,train,4
3389,e,train,4
3390,e,train,4
3391,p,test,
3392,e,train,4
3393,e,train,5
3394,e,train,1
3395,e,train,5
3396,p,train,4
3397,e,train,2
3398,p,train,2
3399,e,train,4
3400,p,train,4
3401,e,train,3
3402,e,train,4
3403,e,train,5
3404,p,train,2
3405,e,train,1
3406,e,train,4
3407,p,train,4
3408,p,train,5
3409,e,train,5
3410,p,train,1
3411,e,train,4
3412,e,train,5
3413,e,train,3
3414,e,train,5
3415,e,train,2
3416,e,test,
3417,e,train,5
3418,e,train,1
3419,e,train,1
3420,e,test,
3421,e,train,5
3422,e,test,
3423,e,train,2
3424,e,test,
3425,e,train,5
3426,p,train,4
3427,e,train,3
3428,e,test,
3429,e,train,4
3430,e,train,1
3431,e,train,5
3432,p,train,3
3433,p,train,5
3434,e,train,5
3435,p,train,1
3436,p,train,4
3437,p,train,2
3438,e,train,1
3439,e,train,2
3440,e,train,2
3441,p,train,1
3442,e,train,1
3443,e,train,1
3444,p,train,4
3445,p,test,
3446,e,test,
3447,p,train,4
3448,p,test,
3449,e,train,3
3450,e,train,4
3451,p,train,2
3452,e,train,3
3453,e,test,
3454,p,train,1
3455,p,train,3
3456,e,train,4
3457,e,train,1
3458,e,train,2
3459,p,train,4
3460,p,train,2
3461,p,train,5
3462,e,train,2
3463,e,train,2
3464,e,train,4
3465,p,train,1
3466,p,train,2
3467,e,train,4
3468,p,train,5
3469,e,train,5
3470,p,test,
3471,e,test,
3472,e,train,2
3473,p,test,
3474,e,train,5
3475,p,test,
3476,e,train,1
3477,e,train,4
3478,e,train,3
3479,p,train,1
3480,e,train,3
3481,e,train,5
3482,e,train,2
3483,e,train,1
3484,e,train,2
3485,e,train,4
3486,e,train,2
3487,e,test,
3488,p,train,1
3489,p,train,1
3490,e,train,1
3491,p,test,
3492,e,train,3
3493,p,train,1
3494,e,train,1
3495,p,train,5
3496,e,train,5
3497,p,train,3
3498,p,train,2
3499,p,train,3
3500,e,train,1
3501,e,train,4
3502,p,test,
3503,p,test,
3504,e,train,4
3505,e,train,2
3506,e,test,
3507,e,train,3
3508,p,train,1
3509,p,train,3
3510,p,test,
3511,e,train,4
3512,p,train,2
3513,p,train,1
3514,p,train,5
3515,p,train,4
3516,e,train,4
3517,e,train,2
3518,p,train,1
3519,e,train,1
3520,p,train,2
3521,e,test,
3522,p,test,
3523,e,test,
3524,p,test,
3525,e,test,
3526,e,test,
3527,e,train,5
3528,p,train,5
3529,e,train,3
3530,e,train,3
3531,e,train,4
3532,e,test,
3533,e,train,4
3534,p,test,
3535,p,train,2
3536,e,test,
3537,e,train,3
3538,p,train,3
3539,p,train,2
3540,e,train,2
3541,p,train,5
3542,e,train,2
3543,p,train,2
3544,p,train,5
3545,e,train,2
3546,e,train,4
3547,e,train,3
3548,e,test,
3549,p,test,
3550,e,train,3
3551,e,train,4
3552,e,train,4
3553,e,train,1
3554,e,train,4
3555,e,train,3
3556,p,train,3
3557,e,train,5
3558,e,train,1
3559,e,train,3
3560,e,test,
3561,e,train,3
3562,p,train,3
3563,e,train,1
3564,p,train,5
3565,e,train,5
3566,e,train,5
3567,p,train,5
3568,p,train,3
3569,e,train,4
3570,e,train,1
3571,e,train,4
3572,p,train,1
3573,e,train,5
3574,p,train,1
3575,e,train,1
3576,e,train,5
3577,e,test,
3578,e,train,4
3579,p,train,1
3580,e,test,
3581,p,train,1
3582,e,train,2
3583,p,train,3
3584,e,test,
3585,p,train,3
3586,p,train,5
3587,p,test,
3588,e,train,1
3589,e,train,2
3590,p,train,2
3591,e,train,4
3592,e,train,1
3593,p,train,5
3594,e,train,2
3595,p,train,5
3596,e,train,5
3597,e,train,2
3598,p,train,3
3599,e,train,4
3600,e,train,1
3601,e,train,3
3602,e,train,1
3603,e,train,1
3604,p,train,3
3605,p,train,3
3606,e,train,3
3607,e,test,
3608,e,train,1
3609,e,test,
3610,e,train,1
3611,p,train,2
3612,p,test,
3613,p,test,
3614,e,train,5
3615,e,train,3
3616,e,train,5
3617,p,train,1
3618,e,train,2
3619,e,train,5
3620,p,train,3
3621,e,train,5
3622,e,train,2
3623,e,test,
3624,e,test,
3625,e,train,2
3626,e,test,
3627,p,train,5
3628,p,train,3
3629,e,train,2
3630,p,train,3
3631,p,train,1
3632,p,train,5
3633,e,train,4
3634,e,train,5
3635,e,train,4
3636,p,train,3
3637,e,train,1
3638,e,train,1
3639,e,train,1
3640,e,train,4
3641,e,train,2
3642,e,test,
3643,p,train,1
3644,e,test,
3645,p,test,
3646,p,test,
3647,e,train,5
3648,p,train,5
3649,e,train,2
3650,p,train,3
3651,p,train,3
3652,e,train,1
3653,e,train,4
3654,p,train,5
3655,e,train,3
3656,e,train,5
3657,p,train,4
3658,e,train,2
3659,p,test,
3660,p,train,5
3661,e,train,3
3662,e,train,5
3663,e,train,2
3664,p,train,4
3665,e,train,2
3666,e,train,3
3667,p,train,5
3668,p,test,
3669,p,train,3
3670,e,train,2
3671,e,train,1
3672,p,train,3
3673,p,test,
3674,e,train,4
3675,e,test,
3676,e,train,5
3677,e,train,4
3678,e,train,5
3679,e,train,1
3680,e,train,1
3681,e,test,
3682,e,test,
3683,e,train,2
3684,e,train,2
3685,e,train,3
3686,e,test,
3687,p,train,3
3688,e,train,2
3689,e,train,2
3690,e,train,3
3691,e,train,1
3692,p,train,5
3693,p,train,2
3694,e,train,2
3695,p,train,1
3696,p,train,2
3697,e,test,
3698,e,train,2
3699,p,test,
3700,e,train,3
3701,e,train,4
3702,p,test,
3703,e,train,4
3704,p,train,4
3705,e,train,1
3706,e,test,
3707,p,train,5
3708,p,train,1
3709,p,train,4
3710,e,train,4
3711,p,train,4
3712,e,train,2
3713,e,train,3
3714,e,train,5
3715,e,train,2
3716,e,train,5
3717,e,test,
3718,e,train,2
3719,p,train,1
3720,p,train,2
3721,e,test,
3722,e,test,
3723,p,train,4
3724,p,train,3
3725,e,train,4
3726,e,train,1
3727,e,train,4
3728,p,train,5
3729,e,test,
3730,p,train,2
3731,e,train,2
3732,e,train,3
3733,e,train,2
3734,e,train,2
3735,e,test,
3736,e,train,2
3737,e,train,3
3738,p,test,
3739,p,test,
3740,p,test,
3741,e,train,5
3742,e,train,5
3743,e,train,2
3744,e,train,4
3745,e,test,
3746,e,train,5
3747,e,train,5
3748,e,train,4
3749,e,train,3
3750,p,test,
3751,p,test,
3752,e,train,2
3753,p,train,5
3754,e,train,4
3755,p,train,4
3756,p,train,3
3757,p,train,3
3758,e,train,4
3759,e,train,5
3760,e,test,
3761,e,train,1
3762,p,test,
3763,p,train,3
3764,p,train,5
3765,e,train,5
3766,p,test,
3767,e,train,3
3768,e,train,4
3769,p,train,1
3770,e,train,5
3771,p,train,3
3772,p,train,1
3773,p,test,
3774,p,train,5
3775,e,train,3
3776,p,train,5
3777,e,train,2
3778,p,train,4
3779,p,train,2
3780,p,train,1
3781,e,train,3
3782,p,train,2
3783,e,test,
3784,e,train,5
3785,e,test,
3786,e,train,3
3787,p,train,5
3788,p,train,1
3789,p,train,3
3790,p,train,4
3791,e,train,1
3792,e,train,4
3793,p,train,5
3794,e,train,3
3795,e,test,
3796,p,train,2
3797,p,train,1
3798,e,train,5
3799,p,train,1
3800,e,train,3
3801,p,train,3
3802,e,train,3
3803,p,test,
3804,e,train,4
3805,p,train,4
3806,p,train,5
3807,p,train,5
3808,p,train,5
3809,e,train,4
3810,e,train,4
3811,p,train,4
3812,e,train,5
3813,p,train,4
3814,p,train,4
3815,p,test,
3816,e,train,4
3817,e,train,5
3818,e,train,3
3819,e,train,2
3820,e,train,1
3821,p,test,
3822,e,train,2
3823,e,train,1
3824,e,train,2
3825,e,train,1
3826,p,train,5
3827,e,test,
3828,e,train,4
3829,p,test,
3830,e,train,5
3831,p,train,4
3832,e,test,
3833,e,train,5
3834,e,train,2
3835,p,train,4
3836,e,test,
3837,p,train,3
3838,p,train,5
3839,e,train,1
3840,e,test,
3841,e,train,1
3842,p,test,
3843,e,train,4
3844,e,train,1
3845,e,train,2
3846,e,train,5
3847,e,train,4
3848,e,train,5
3849,e,train,1
3850,e,train,1
3851,e,train,3
3852,p,train,3
3853,e,train,2
3854,e,train,3
3855,e,train,1
3856,e,train,2
3857,e,train,3
3858,p,train,2
3859,e,train,4
3860,e,train,1
3861,p,test,
3862,p,train,5
3863,p,test,
3864,e,train,2
3865,p,test,
3866,e,train,5
3867,e,train,1
3868,e,train,3
3869,e,train,1
3870,e,train,2
3871,e,train,1
3872,e,train,1
3873,p,train,5
3874,e,train,2
3875,p,test,
3876,e,train,2
3877,p,train,1
3878,e,train,4
3879,p,test,
3880,p,train,3
3881,e,train,2
3882,e,train,5
3883,e,train,1
3884,e,train,3
3885,e,train,2
3886,p,train,2
3887,e,test,
3888,e,train,5
3889,e,train,2
3890,e,train,1
3891,p,train,2
3892,p,test,
3893,p,train,2
3894,p,test,
3895,e,train,3
3896,e,test,
3897,e,test,
3898,p,train,4
3899,e,train,4
3900,p,train,4
3901,e,test,
3902,p,train,2
3903,p,test,
3904,p,train,4
3905,e,train,5
3906,e,train,5
3907,e,train,5
3908,p,train,5
3909,e,train,4
3910,e,train,5
3911,e,train,3
3912,e,train,5
3913,e,train,3
3914,p,train,2
3915,p,train,4
3916,p,train,4
3917,p,train,2
3918,e,test,
3919,p,test,
3920,e,train,3
3921,e,train,4
3922,e,train,1
3923,e,train,4
3924,e,test,
3925,p,train,2
3926,e,test,
3927,p,test,
3928,e,train,3
3929,p,train,4
3930,e,train,2
3931,e,train,5
3932,p,train,4
3933,p,train,5
3934,p,train,1
3935,e,test,
3936,p,train,5
3937,e,test,
3938,p,train,4
3939,p,train,5
3940,p,train,3
3941,p,train,2
3942,p,train,5
3943,e,train,5
3944,e,train,3
3945,p,train,4
3946,e,train,3
3947,p,train,3
3948,e,train,1
3949,e,train,1
3950,p,train,3
3951,e,train,2
3952,e,train,3
3953,p,train,4
3954,p,train,3
3955,e,train,4
3956,e,train,5
3957,p,train,2
3958,e,train,2
3959,p,train,5
3960,e,train,2
3961,p,train,3
3962,e,train,2
3963,p,train,4
3964,p,train,3
3965,e,train,3
3966,p,train,1
3967,e,train,1
3968,p,test,
3969,p,train,4
3970,e,train,5
3971,p,train,4
3972,p,train,1
3973,p,test,
3974,p,train,3
3975,e,train,1
3976,e,train,1
3977,p,train,2
3978,e,train,5
3979,e,train,4
3980,e,train,4
3981,e,train,4
3982,e,train,5
3983,e,train,2
3984,p,train,5
3985,e,test,
3986,e,train,3
3987,p,train,3
3988,p,train,3
3989,e,train,4
3990,p,train,3
3991,p,test,
3992,e,train,2
3993,e,train,4
3994,p,test,
3995,e,train,2
3996,p,train,5
3997,p,test,
3998,e,test,
3999,p,train,5
4000,p,train,2
4001,e,train,2
4002,e,train,5
4003,e,train,4
4004,e,test,
4005,e,train,1
4006,e,test,
4007,e,test,
4008,e,train,5
4009,e,train,2
4010,p,train,5
4011,p,train,4
4012,p,test,
4013,e,train,2
4014,e,train,5
4015,p,train,1
4016,e,train,5
4017,e,train,3
4018,p,train,4
4019,e,train,4
4020,e,train,3
4021,e,train,5
4022,e,test,
4023,e,train,1
4024,e,test,
4025,e,train,2
4026,e,train,1
4027,e,train,3
4028,e,train,3
4029,e,train,1
4030,e,train,2
4031,e,test,
4032,e,train,4
4033,e,train,4
4034,e,train,5
4035,e,train,3
4036,e,train,1
4037,p,test,
4038,e,train,3
4039,p,train,1
4040,e,test,
4041,e,train,5
4042,p,test,
4043,e,test,
4044,e,test,
4045,p,test,
4046,e,train,5
4047,e,train,1
4048,e,test,
4049,e,train,2
4050,p,train,1
4051,p,train,3
4052,e,train,1
4053,e,train,4
4054,e,train,2
4055,p,train,4
4056,e,train,5
4057,e,train,3
4058,e,train,4
4059,p,train,5
4060,e,test,
4061,e,train,4
4062,p,test,
4063,e,train,1
4064,e,train,4
4065,p,train,1
4066,e,train,2
4067,p,train,5
4068,e,test,
4069,p,train,5
4070,e,train,4
4071,p,train,4
4072,p,train,2
4073,p,train,1
4074,e,train,3
4075,p,train,3
4076,e,train,3
4077,e,train,2
4078,e,train,1
4079,e,train,5
4080,e,test,
4081,p,train,3
4082,p,test,
4083,p,train,5
4084,e,train,4
4085,e,test,
4086,p,train,1
4087,e,train,5
4088,p,test,
4089,e,train,1
4090,p,train,5
4091,e,train,5
4092,e,train,3
4093,e,train,4
4094,p,train,4
4095,e,train,3
4096,e,train,4
4097,p,train,2
4098,p,train,4
4099,p,train,4
4100,p,train,5
4101,p,test,
4102,e,train,4
4103,e,train,4
4104,e,test,
4105,e,test,
4106,e,test,
4107,e,test,
4108,e,train,3
4109,p,train,2
4110,p,train,5
4111,p,train,2
4112,p,train,2
4113,e,train,4
4114,p,test,
4115,p,train,5
4116,e,train,4
4117,e,train,2
4118,e,test,
4119,e,test,
4120,e,train,4
4121,p,train,1
4122,p,train,5
4123,p,test,
4124,p,train,4
4125,p,train,2
4126,e,train,5
4127,e,test,
4128,p,train,5
4129,e,test,
4130,e,train,4
4131,e,train,2
4132,p,train,5
4133,p,train,1
4134,e,test,
4135,e,train,4
4136,p,train,3
4137,p,test,
4138,e,train,5
4139,p,train,2
4140,e,train,2
4141,e,train,5
4142,e,train,1
4143,p,train,5
4144,e,train,4
4145,p,train,4
4146,p,train,1
4147,p,train,3
4148,e,train,2
4149,e,train,3
4150,e,train,5
4151,e,train,5
4152,p,train,2
4153,e,train,1
4154,p,train,1
4155,p,train,3
4156,e,train,5
4157,e,train,4
4158,e,train,2
4159,p,test,
4160,p,train,5
4161,e,train,5
4162,p,test,
4163,e,train,5
4164,e,train,1
4165,p,train,2
4166,e,train,5
4167,p,train,1
4168,e,test,
4169,p,test,
4170,p,train,1
4171,e,train,1
4172,e,train,5
4173,p,train,1
4174,p,test,
4175,e,train,4
4176,e,train,2
4177,e,train,2
4178,e,train,3
4179,e,test,
4180,e,train,3
4181,e,train,4
4182,e,train,5
4183,e,train,3
4184,p,test,
4185,e,train,3
4186,p,train,1
4187,p,train,1
4188,e,test,
4189,e,train,5
4190,e,train,3
4191,e,train,4
4192,p,train,5
4193,e,train,1
4194,e,train,3
4195,p,train,1
4196,e,train,1
4197,e,train,1
4198,e,test,
4199,p,test,
4200,p,train,2
4201,e,test,
4202,p,train,1
4203,p,train,5
4204,p,train,4
4205,p,test,
4206,p,train,2
4207,e,train,3
4208,p,train,2
4209,e,train,1
4210,e,train,4
4211,p,test,
4212,e,test,
4213,p,train,2
4214,e,test,
4215,e,train,4
4216,p,train,1
4217,e,train,4
4218,e,train,4
4219,p,train,1
4220,e,train,2
4221,e,train,4
4222,p,train,5
4223,p,train,3
4224,e,train,5
4225,e,test,
4226,e,train,5
4227,p,train,5
4228,p,train,3
4229,p,test,
4230,e,train,4
4231,p,train,2
4232,e,train,1
4233,p,train,4
4234,e,train,4
4235,e,train,2
4236,p,train,1
4237,e,train,3
4238,e,train,5
4239,e,train,3
4240,e,train,3
4241,e,train,5
4242,e,train,3
4243,e,train,2
4244,p,train,3
4245,p,train,3
4246,e,test,
4247,e,train,4
4248,p,train,5
4249,e,test,
4250,p,train,2
4251,e,train,1
4252,e,train,2
4253,e,train,1
4254,e,train,5
4255,p,test,
4256,e,train,2
4257,p,train,2
4258,p,train,3
4259,e,train,5
4260,e,train,3
4261,e,train,4
4262,p,train,1
4263,p,train,4
4264,p,train,1
4265,p,train,5
4266,p,train,1
4267,e,test,
4268,e,train,4
4269,e,train,4
4270,p,test,
4271,p,train,2
4272,e,train,4
4273,p,train,5
4274,e,train,5
4275,p,train,3
4276,e,train,2
4277,e,train,3
4278,p,train,5
4279,e,train,5
4280,e,train,1
4281,e,train,5
4282,p,train,3
4283,e,train,2
4284,p,train,1
4285,e,test,
4286,e,train,4
4287,e,train,3
4288,e,train,3
4289,e,train,3
4290,e,train,1
4291,e,train,1
4292,e,train,4
4293,e,train,4
4294,e,train,5
4295,p,train,2
4296,e,test,
4297,e,train,1
4298,e,train,1
4299,e,train,3
4300,p,train,5
4301,p,train,2
4302,e,train,1
4303,p,test,
4304,p,train,2
4305,p,train,5
4306,e,test,
4307,e,train,5
4308,e,test,
4309,e,train,5
4310,e,train,5
4311,e,test,
4312,e,train,4
4313,e,train,1
4314,p,train,1
4315,p,train,3
4316,p,train,5
4317,e,train,4
4318,e,train,4
4319,p,train,5
4320,p,test,
4321,e,train,2
4322,e,train,2
4323,p,train,2
4324,e,train,1
4325,p,train,5
4326,p,train,3
4327,e,train,5
4328,e,train,5
4329,e,test,
4330,e,train,1
4331,e,train,3
4332,e,test,
4333,e,train,1
4334,e,test,
4335,e,train,2
4336,p,train,5
4337,e,train,2
4338,p,train,3
4339,e,train,5
4340,p,train,5
4341,e,train,3
4342,e,train,5
4343,e,test,
4344,e,train,2
4345,e,train,3
4346,e,train,1
4347,p,train,3
4348,e,train,5
4349,e,train,2
4350,p,test,
4351,e,train,2
4352,p,test,
4353,e,train,1
4354,e,train,4
4355,e,train,1
4356,e,train,1
4357,p,train,4
4358,e,train,3
4359,e,train,3
4360,e,train,1
4361,e,train,3
4362,e,train,3
4363,e,train,1
4364,e,train,1
4365,p,train,2
4366,e,train,5
4367,e,train,3
4368,p,train,1
4369,e,train,5
4370,e,train,1
4371,e,train,3
4372,p,test,
4373,p,train,4
4374,e,train,1
4375,p,train,4
4376,p,test,
4377,e,train,2
4378,p,train,5
4379,e,train,5
4380,e,train,3
4381,p,train,3
4382,p,train,1
4383,p,train,5
4384,e,train,2
4385,e,test,
4386,e,train,4
4387,e,test,
4388,e,train,3
4389,e,test,
4390,e,test,
4391,p,train,5
4392,p,test,
4393,e,test,
4394,p,train,4
4395,e,train,3
4396,e,train,5
4397,e,train,5
4398,e,train,1
4399,e,train,4
4400,p,train,2
4401,e,train,4
4402,p,test,
4403,e,train,2
4404,e,train,5
4405,e,train,2
4406,e,train,3
4407,p,train,5
4408,e,train,1
4409,e,test,
4410,e,train,4
4411,e,train,3
4412,e,train,5
4413,e,train,1
4414,e,train,4
4415,p,test,
4416,p,train,3
4417,e,train,3
4418,e,train,3
4419,p,train,1
4420,e,train,3
4421,e,train,3
4422,e,train,1
4423,e,train,2
4424,e,train,1
4425,e,train,3
4426,p,train,3
4427,e,train,4
4428,e,train,4
4429,e,train,4
4430,p,train,4
4431,e,train,5
4432,e,train,1
4433,e,train,4
4434,p,train,2
4435,e,test,
4436,e,train,3
4437,p,train,2
4438,p,train,2
4439,e,train,3
4440,e,train,3
4441,e,test,
4442,e,train,5
4443,e,test,
4444,p,train,5
4445,e,train,5
4446,e,train,5
4447,p,train,5
4448,p,train,2
4449,p,train,5
4450,e,train,4
4451,e,test,
4452,e,train,4
4453,e,train,1
4454,e,train,1
4455,e,train,4
4456,e,train,1
4457,p,train,1
4458,e,train,1
4459,e,train,3
4460,p,train,5
4461,e,train,1
4462,p,train,5
4463,e,train,2
4464,e,train,4
4465,p,train,4
4466,p,train,1
4467,p,train,1
4468,e,train,2
4469,e,test,
4470,p,train,5
4471,e,test,
4472,e,train,3
4473,e,train,4
4474,e,train,4
4475,p,test,
4476,e,train,2
4477,e,train,1
4478,e,test,
4479,p,test,
4480,p,train,5
4481,e,train,5
4482,e,train,2
4483,e,test,
4484,e,train,5
4485,e,train,1
4486,p,train,5
4487,e,test,
4488,e,train,4
4489,p,train,5
4490,e,train,2
4491,p,train,1
4492,e,train,1
4493,p,train,3
4494,p,train,3
4495,p,train,3
4496,p,train,1
4497,e,train,2
4498,p,test,
4499,p,test,
4500,e,train,3
4501,e,test,
4502,p,test,
4503,p,train,5
4504,p,train,4
4505,e,train,4
4506,e,train,2
4507,e,test,
4508,e,train,4
4509,p,test,
4510,p,train,4
4511,e,train,4
4512,e,test,
4513,p,train,2
4514,p,train,3
4515,e,train,5
4516,p,train,3
4517,e,train,4
4518,e,train,4
4519,p,test,
4520,e,train,3
4521,e,train,2
4522,p,train,4
4523,e,train,5
4524,p,train,2
4525,e,train,2
4526,e,train,4
4527,p,train,3
4528,e,train,1
4529,e,test,
4530,p,test,
4531,e,train,2
4532,e,train,5
4533,e,train,2
4534,e,train,2
4535,p,train,3
4536,e,train,3
4537,p,train,3
4538,e,test,
4539,e,train,2
4540,e,train,3
4541,e,test,
4542,e,train,2
4543,p,train,5
4544,p,train,4
4545,e,train,1
4546,e,train,3
4547,p,test,
4548,e,train,1
4549,e,train,4
4550,e,train,3
4551,e,train,2
4552,e,train,1
4553,p,test,
4554,e,test,
4555,p,test,
4556,e,train,4
4557,e,train,2
4558,e,train,5
4559,e,train,4
4560,e,train,1
4561,p,train,4
4562,e,train,4
4563,e,train,4
4564,e,train,2
4565,e,train,1
4566,e,train,2
4567,e,test,
4568,e,train,4
4569,e,train,1
4570,e,train,2
4571,p,train,5
4572,e,train,2
4573,e,train,4
4574,p,train,1
4575,e,train,2
4576,e,train,2
4577,e,test,
4578,p,train,2
4579,e,train,3
4580,p,train,1
4581,e,train,2
4582,e,test,
4583,e,train,3
4584,e,train,2
4585,p,train,2
4586,e,train,4
4587,e,train,5
4588,e,train,4
4589,e,train,4
4590,p,train,2
4591,e,test,
4592,e,train,4
4593,p,train,2
4594,e,train,2
4595,e,train,5
4596,e,test,
4597,p,train,5
4598,p,train,5
4599,p,train,5
4600,e,train,2
4601,e,train,2
4602,p,train,4
4603,p,train,4
4604,p,train,3
4605,e,test,
4606,p,test,
4607,e,test,
4608,e,train,4
4609,e,train,2
4610,p,train,2
4611,e,test,
4612,e,train,2
4613,e,train,2
4614,p,train,3
4615,p,train,4
4616,e,train,2
4617,e,test,
4618,e,train,1
4619,p,train,2
4620,p,train,2
4621,e,test,
4622,e,train,5
4623,e,train,1
4624,e,train,5
4625,e,train,3
4626,p,train,5
4627,p,train,1
4628,e,train,3
4629,e,train,1
4630,p,train,1
4631,p,train,2
4632,e,train,5
4633,e,train,2
4634,e,train,1
4635,e,train,2
4636,e,test,
4637,e,test,
4638,p,train,4
4639,e,test,
4640,p,train,1
4641,p,train,3
4642,p,train,1
4643,e,train,5
4644,p,train,2
4645,p,train,3
4646,e,test,
4647,e,test,
4648,p,train,1
4649,p,train,2
4650,p,train,1
4651,p,train,2
4652,p,train,4
4653,e,test,
4654,e,train,1
4655,p,train,3
4656,e,train,4
4657,p,train,3
4658,p,train,1
4659,p,train,4
4660,e,test,
4661,p,train,2
4662,p,train,4
4663,e,train,1
4664,e,train,4
4665,p,train,2
4666,p,train,3
4667,p,train,1
4668,e,train,3
4669,p,train,4
4670,e,train,3
4671,e,train,1
4672,e,train,1
4673,p,train,1
4674,p,train,2
4675,e,train,5
4676,p,test,
4677,e,train,1
4678,e,train,3
4679,e,train,2
4680,e,test,
4681,p,train,4
4682,e,train,2
4683,e,train,2
4684,e,train,5
4685,p,train,4
4686,e,train,4
4687,p,train,4
4688,p,train,2
4689,e,train,3
4690,p,train,5
4691,e,train,4
4692,e,train,3
4693,e,test,
4694,p,train,4
4695,e,train,5
4696,e,test,
4697,p,train,1
4698,e,test,
4699,e,train,1
4700,p,train,2
4701,e,train,3
4702,p,train,4
4703,p,train,5
4704,p,train,3
4705,p,train,4
4706,e,train,5
4707,e,train,4
4708,p,train,2
4709,p,test,
4710,e,train,1
4711,e,train,3
4712,e,train,5
4713,e,train,4
4714,p,train,4
4715,p,test,
4716,p,train,2
4717,e,test,
4718,p,test,
4719,p,train,5
4720,p,test,
4721,e,train,4
4722,e,train,4
4723,p,train,1
4724,e,test,
4725,p,train,2
4726,p,train,3
4727,e,train,5
4728,p,train,4
4729,p,train,1
4730,p,train,1
4731,p,train,5
4732,p,train,1
4733,p,train,5
4734,p,train,4
4735,p,train,2
4736,p,test,
4737,p,train,3
4738,e,test,
4739,e,test,
4740,e,train,5
4741,p,train,5
4742,e,train,1
4743,e,train,5
4744,e,train,2
4745,e,train,4
4746,e,train,1
4747,e,test,
4748,e,train,5
4749,p,train,5
4750,e,train,4
4751,e,train,3
4752,p,train,1
4753,p,test,
4754,p,train,5
4755,e,test,
4756,e,train,3
4757,e,train,4
4758,e,train,3
4759,p,test,
4760,e,train,2
4761,p,test,
4762,e,train,5
4763,p,train,1
4764,e,train,3
4765,e,train,5
4766,e,train,4
4767,e,train,3
4768,e,train,4
4769,e,test,
4770,e,train,4
4771,e,train,5
4772,p,train,4
4773,p,train,2
4774,e,train,3
4775,e,train,3
4776,e,train,2
4777,p,test,
4778,e,test,
4779,e,train,4
4780,e,train,5
4781,e,train,5
4782,p,train,2
4783,e,test,
4784,p,train,5
4785,e,train,2
4786,p,train,1
4787,e,test,
4788,e,train,3
4789,p,train,3
4790,e,train,1
4791,p,test,
4792,p,train,2
4793,e,train,4
4794,e,test,
4795,p,train,2
4796,p,test,
4797,p,train,5
4798,e,test,
4799,p,train,5
4800,p,train,1
4801,e,train,3
4802,e,train,2
4803,p,test,
4804,e,train,1
4805,e,train,3
4806,e,train,4
4807,p,train,2
4808,p,train,1
4809,e,test,
4810,e,train,2
4811,p,train,3
4812,p,train,3
4813,e,train,5
4814,e,train,3
4815,e,train,1
4816,p,train,3
4817,e,train,4
4818,e,train,4
4819,e,train,1
4820,e,train,4
4821,e,train,5
4822,e,test,
4823,p,train,1
4824,p,train,4
4825,e,train,2
4826,p,train,1
4827,e,train,5
4828,e,test,
4829,e,train,5
4830,e,test,
4831,e,train,5
4832,e,train,1
4833,e,train,3
4834,p,train,1
4835,p,test,
4836,p,train,2
4837,p,train,2
4838,e,train,2
4839,p,train,4
4840,p,test,
4841,p,train,5
4842,e,train,5
4843,e,train,1
4844,e,train,2
4845,p,train,4
4846,p,train,5
4847,e,test,
4848,e,train,1
4849,p,train,1
4850,e,test,
4851,e,train,1
4852,e,test,
4853,e,train,4
4854,e,train,3
4855,p,train,4
4856,p,train,3
4857,p,train,5
4858,e,test,
4859,e,train,3
4860,e,train,2
4861,e,test,
4862,e,train,3
4863,e,train,3
4864,p,train,2
4865,e,test,
4866,p,train,2
4867,p,test,
4868,p,train,4
4869,p,train,4
4870,e,train,3
4871,e,train,1
4872,e,train,4
4873,e,test,
4874,e,train,5
4875,p,train,3
4876,e,train,4
4877,e,test,
4878,p,train,1
4879,e,test,
4880,e,test,
4881,e,train,1
4882,e,train,2
4883,e,test,
4884,p,test,
4885,e,train,5
4886,p,test,
4887,p,test,
4888,e,train,5
4889,p,train,4
4890,e,test,
4891,p,train,2
4892,p,train,5
4893,p,train,4
4894,e,train,2
4895,e,train,4
4896,p,test,
4897,p,train,1
4898,e,train,4
4899,e,test,
4900,e,train,5
4901,p,test,
4902,e,test,
4903,e,train,5
4904,e,train,5
4905,e,train,2
4906,p,test,
4907,p,test,
4908,p,train,3
4909,e,train,3
4910,p,train,4
4911,e,train,2
4912,p,train,1
4913,p,test,
4914,e,train,3
4915,e,train,5
4916,e,train,2
4917,p,train,2
4918,p,train,4
4919,e,train,5
4920,e,train,3
4921,e,train,5
4922,e,train,5
4923,e,train,5
4924,e,train,3
4925,p,train,3
4926,e,train,4
4927,e,train,2
4928,e,train,2
4929,e,train,5
4930,e,test,
4931,p,train,3
4932,e,train,4
4933,p,train,5
4934,p,test,
4935,e,train,4
4936,e,test,
4937,p,train,3
4938,e,train,2
4939,e,train,5
4940,e,train,4
4941,e,train,5
4942,e,train,3
4943,e,train,3
4944,p,test,
4945,e,train,5
4946,e,train,3
4947,p,train,2
4948,p,train,3
4949,e,train,3
4950,e,train,5
4951,e,test,
4952,p,train,2
4953,e,train,3
4954,p,train,5
4955,p,train,5
4956,p,train,5
4957,p,test,
4958,e,test,
4959,p,train,3
4960,e,test,
4961,e,train,1
4962,e,train,4
4963,e,test,
4964,e,train,2
4965,e,train,2
4966,p,test,
4967,e,train,5
4968,p,train,2
4969,e,train,1
4970,e,train,5
4971,e,test,
4972,p,train,2
4973,p,train,2
4974,e,train,4
4975,e,test,
4976,e,train,1
4977,p,test,
4978,e,train,3
4979,e,train,5
4980,p,train,1
4981,e,train,2
4982,e,train,1
4983,e,train,4
4984,p,test,
4985,p,train,5
4986,e,train,1
4987,p,train,1
4988,e,train,4
4989,p,train,5
4990,p,train,2
4991,e,train,5
4992,p,train,1
4993,e,train,2
4994,e,train,3
4995,p,train,1
4996,p,train,3
4997,p,train,1
4998,p,train,5
4999,e,train,3
