model,fold,fit_seconds,predict_validation_seconds,train_accuracy,train_f1_poisonous,accuracy,balanced_accuracy,precision_poisonous,recall_poisonous,f1_poisonous,roc_auc,average_precision,tn,fp,fn,tp
decision_tree_5,1,0.3708757999993395,0.10710249998373911,0.7749897076986414,0.7921586522921301,0.5335007696670178,0.5334424526146314,0.5753821399839099,0.5341299477221807,0.553989155693261,0.5684773979355445,0.6122349633192435,3009,2639,3119,3576
decision_tree_5,2,0.3567077999759931,0.10755929999868385,0.7702418184419779,0.756129312215231,0.5199133477753708,0.5563739376770538,0.7001270648030495,0.24645892351274787,0.36457873842082045,0.5408881507671787,0.5881578401193583,4587,708,5054,1653
decision_tree_5,3,0.34794930001953617,0.11786260001827031,0.7436655842141188,0.7248995538191747,0.5387245547073791,0.5486245821039064,0.6099083284571875,0.45135681293302543,0.5187888842803816,0.5308426075325976,0.5631185743354146,3648,2000,3801,3127
decision_tree_5,4,0.3878434000071138,0.10541819999343716,0.7520134091002003,0.7292689458180844,0.5837846846096159,0.6039882821663798,0.7094247246022032,0.4321503131524008,0.5371142618849041,0.5961745390580843,0.6593492580890568,4108,1187,3808,2898
decision_tree_5,5,0.3786754999891855,0.10635719998390414,0.8040758758840604,0.8358536125905502,0.637696858595117,0.6224853534120361,0.6526016049702303,0.7518640023859231,0.6987250554323725,0.6209855619550037,0.6297538022764707,2611,2684,1664,5042
aws_tuned,1,5.075603699981002,,,,0.7001539334035486,0.6920208227991377,0.6981206987824246,0.7879014189693802,0.7402989263911305,0.7271974905165793,0.681608631773632,3367,2281,1420,5275
aws_tuned,2,5.306432999990648,,,,0.5866522246292285,0.5870831469608866,0.6435855263157895,0.5834203071417922,0.6120278407757879,0.633431619720521,0.7232331372991594,3128,2167,2794,3913
aws_tuned,3,4.854714799992507,,,,0.6199109414758269,0.6147873064266041,0.6519524617996605,0.6651270207852193,0.6584738496713347,0.6034189456383424,0.6241744323830873,3188,2460,2320,4608
aws_tuned,4,4.892257600004086,,,,0.5902841429880843,0.5834383229596936,0.6312160774534252,0.6416641813301521,0.63639724913111,0.539283214867973,0.5304414304477569,2781,2514,2403,4303
aws_tuned,5,4.807530699996278,,,,0.6433630530789101,0.6398739786534235,0.6850778150747635,0.669549657023561,0.6772247360482655,0.6925445255429229,0.7622340169048656,3231,2064,2216,4490
aws_baseline,1,5.494950699998299,0.28800570001476444,1.0,1.0,0.6924572632261201,0.6843998919958448,0.6923178983680509,0.7793876026885735,0.7332771219786397,0.7188267453619568,0.6699876635720398,3329,2319,1477,5218
aws_baseline,2,5.8006855999992695,0.36660660000052303,1.0,1.0,0.66272287952008,0.6699766413200139,0.7416833303035811,0.6083196660205755,0.6684141546526867,0.6800415137145482,0.726257529439144,3874,1421,2627,4080
aws_baseline,3,6.1304588000057265,0.3007787999813445,1.0,1.0,0.6201494910941476,0.6158052636916173,0.6542377742721928,0.6584872979214781,0.6563556578663405,0.619330968083697,0.6231425101389304,3237,2411,2366,4562
aws_baseline,4,5.650603899994167,0.2562708999903407,1.0,1.0,0.597116906924423,0.5916781921507299,0.6399401645474944,0.637936176558306,0.6389365992084236,0.5624771919330342,0.5534391051378846,2888,2407,2428,4278
aws_baseline,5,5.964143400022294,0.2948124000104144,1.0,1.0,0.6030330805766186,0.6023563524778875,0.6562600579336981,0.6081121383835372,0.6312693498452012,0.664085183536117,0.7430230155107274,3159,2136,2628,4078
random_forest_200,1,12.35379739999189,0.46770049998303875,1.0,1.0,0.7194361176375274,0.712384167923718,0.7177897574123989,0.7955190440627334,0.7546581650726177,0.7460411611134266,0.6905837444781424,3554,2094,1369,5326
random_forest_200,2,12.024887500010664,0.4617322999984026,1.0,1.0,0.6183969338443592,0.622106257144277,0.6835202761000863,0.5905770090949753,0.6336586146216605,0.6065082595903847,0.6784054283850581,3461,1834,2746,3961
random_forest_200,3,10.9110102999839,0.46506819999194704,1.0,1.0,0.6381997455470738,0.6316319537582844,0.6635938359933957,0.6961605080831409,0.6794871794871795,0.6097782140175925,0.6445628302748615,3203,2445,2105,4823
random_forest_200,4,12.383713300019735,0.4767613000003621,1.0,1.0,0.6266977751854013,0.6107956400016109,0.6430591259640103,0.7460483149418431,0.6907358829214414,0.5684753579940673,0.5595309645415124,2518,2777,1703,5003
random_forest_200,5,12.083064800011925,0.47311429999535903,1.0,1.0,0.6966919423381385,0.6982221465590973,0.7503265839320705,0.6852072770653146,0.7162899454403742,0.7649467433924548,0.8370310968219804,3766,1529,2111,4595
random_forest_500,1,8.078482699987944,,,,0.7271327878149558,0.720766535954488,0.7269750306999591,0.7958177744585512,0.7598402738163149,0.773289123209363,0.7182387572509925,3647,2001,1367,5328
random_forest_500,2,7.5208621000056155,,,,0.6199800033327779,0.6252919834998261,0.6903832505322924,0.5801401520799165,0.6304788139026168,0.6033592234403953,0.6697724171258572,3550,1745,2816,3891
random_forest_500,3,8.815021000016714,,,,0.639074427480916,0.6356152559061558,0.67339236463928,0.6696016166281755,0.6714916407324311,0.607687979640037,0.6404178296706056,3398,2250,2289,4639
random_forest_500,4,8.223452000005636,,,,0.6301974835430381,0.6193711633937671,0.6558977178993676,0.7114524306591112,0.6825464949928469,0.5788000654495418,0.5652724007674459,2792,2503,1935,4771
random_forest_500,5,8.274430699995719,,,,0.6791934005499541,0.6814916215292944,0.7371305214214546,0.6619445272889949,0.697517284726587,0.7620313521328974,0.8408520576448768,3712,1583,2267,4439
gradient_boosting,1,82.72857269999804,1.0342474000062793,1.0,1.0,0.6214858624321478,0.613481742960689,0.6356807511737089,0.7078416728902166,0.6698233215547703,0.6548558763357712,0.6431435803074653,2932,2716,1956,4739
gradient_boosting,2,93.95786389999557,0.9774998000066262,1.0,1.0,0.5917347108815197,0.5949306694498285,0.6555345154071269,0.5677650216192038,0.6085011185682326,0.5410006007563589,0.5760589454265702,3294,2001,2899,3808
gradient_boosting,3,84.30579360001138,0.9291872000030708,1.0,1.0,0.6187977099236641,0.6185528691715354,0.6649149922720248,0.620958429561201,0.6421854008060904,0.5954821016166282,0.6058882554395051,3480,2168,2626,4302
gradient_boosting,4,92.22896279999986,0.9205978999962099,1.0,1.0,0.5807849345887842,0.5660174657903638,0.6101828706749112,0.69161944527289,0.6483539526106102,0.5660257737141235,0.5752600084665543,2332,2963,2068,4638
gradient_boosting,5,3873.8987946000125,0.9204030999972019,1.0,1.0,0.7026081159903341,0.7032576213935514,0.7521298826555216,0.6977333730987175,0.7239111936257445,0.7867234027453323,0.8509055375630354,3753,1542,2027,4679
xgboost,1,1.9068937000120059,0.18152859999099746,0.9996706463565254,0.9997042076462324,0.6099003483755975,0.6025529336721202,0.6279259662493195,0.6891710231516057,0.6571245460371715,0.6769861498687235,0.7289064316497271,2914,2734,2081,4614
xgboost,2,1.9651943999924697,0.16167179998592474,0.9998773532838658,0.9998890286306134,0.5916513914347609,0.5937229759952288,0.6524822695035462,0.5761145072312509,0.6119249346741626,0.5438722077042956,0.6266774394432315,3237,2058,2843,3864
xgboost,3,1.934627000009641,0.18273659999249503,0.9997724781268744,0.9997948641441172,0.6057569974554707,0.6057518367800901,0.6533312577833126,0.6058025404157044,0.6286698621929299,0.5934430436656439,0.6788130701822662,3421,2227,2731,4197
xgboost,4,2.0716640000173356,0.15593120001722127,0.999345897551204,0.9994082402544567,0.6334472127322723,0.6092451983720976,0.6337391304347826,0.815090963316433,0.7130650316352488,0.6734687299606541,0.6784800053032551,2136,3159,1240,5466
xgboost,5,2.1914197000151034,0.16773730001295917,0.9994072196557786,0.9994635093885857,0.6665277893508874,0.6710724431238131,0.7339910003461405,0.6324187294959738,0.6794296699775713,0.7251566184440976,0.8107326433761317,3758,1537,2465,4241
logistic_polynomial,1,1.5987775000103284,0.13165469997329637,0.862289007822149,0.8725762828082739,0.6387426071457506,0.6331963226753718,0.6570665917392526,0.6985810306198655,0.6771881560848476,0.6621120947728529,0.6477858890179926,3207,2441,2018,4677
logistic_polynomial,2,1.0836138000013307,0.13687300001038238,0.8754522597657448,0.8840775479918571,0.5849858356940509,0.5866457929526365,0.6449445750755795,0.5725361562546593,0.6065871574125267,0.5966188131211272,0.6322857374485137,3181,2114,2867,3840
logistic_polynomial,3,1.297647400002461,0.144675699993968,0.8876662460959315,0.8967941774509245,0.5660782442748091,0.5556560314427965,0.5961815090885314,0.6580542725173211,0.6255917667238422,0.5880250893038228,0.6195836177060816,2560,3088,2369,4559
logistic_polynomial,4,1.2052761999948416,0.13003589998697862,0.882138915007563,0.8896079032011027,0.5215398716773603,0.5077797932706944,0.5649946062567421,0.6248135997614077,0.5934003682197989,0.5099806890056879,0.5411917661353765,2069,3226,2516,4190
logistic_polynomial,5,1.433443799993256,0.13078130001667887,0.8547688156657537,0.8644885659247392,0.6736938588450962,0.6720207433366931,0.7174929840972872,0.6862511184014316,0.7015243902439025,0.7147371302516287,0.7749072338619698,3483,1812,2104,4602
logistic_artifact_config,1,0.8239480000047479,0.12894590001087636,0.8350967476327706,0.8503148414581737,0.7105241837478733,0.7097483402691536,0.7400061500615006,0.7188946975354742,0.7292976740662171,0.7302801972636126,0.7860061365349531,3957,1691,1882,4813
logistic_artifact_config,2,0.7952952999912668,0.12594519997946918,0.8658858159072791,0.8780823190560253,0.5947342109648391,0.5934595696038965,0.6471339613603704,0.6042940211719099,0.6249807247494218,0.6021485029734412,0.6875390942715518,3085,2210,2654,4053
logistic_artifact_config,3,0.7986499999824446,0.12499000001116656,0.8781516950379548,0.8902018526457048,0.6098123409669212,0.6001914062244438,0.6328731097961867,0.6947170900692841,0.6623546411614946,0.6449376202166844,0.7387576368498145,2856,2792,2115,4813
logistic_artifact_config,4,0.8754367999790702,0.11612550000427291,0.8709987326765054,0.881303014914706,0.5312057328555954,0.5162102096215896,0.5714853057982526,0.6437518640023859,0.6054698457223001,0.5047812523674062,0.5374815452583578,2058,3237,2389,4317
logistic_artifact_config,5,0.83618720000959,0.11083550000330433,0.8423613098401537,0.8561569739247211,0.6761936505291226,0.6708202765158652,0.707658321060383,0.716522517148822,0.7120628334321281,0.7128614545287619,0.7731465137634509,3310,1985,1901,4805
majority,1,0.29552360001252964,0.1376004999910947,0.556751749691231,0.7152736456556521,0.5424127035566718,0.5,0.5424127035566718,1.0,0.7033301817417796,0.5,0.5424127035566718,0,5648,0,6695
majority,2,0.2946335999877192,0.11001559998840094,0.5526256617812392,0.7118594976038759,0.5588235294117647,0.5,0.5588235294117647,1.0,0.7169811320754716,0.5,0.5588235294117647,0,5295,0,6707
majority,3,0.3197731999971438,0.06838189999689348,0.5546155914534511,0.7135083354399223,0.5508905852417303,0.5,0.5508905852417303,1.0,0.7104183757178015,0.5,0.5508905852417303,0,5648,0,6928
majority,4,0.3041788999980781,0.11169739998877048,0.5526348064265566,0.7118670844414018,0.5587867677693525,0.5,0.5587867677693525,1.0,0.7169508740043834,0.5,0.5587867677693525,0,5295,0,6706
majority,5,0.2912114000064321,0.1245000000053551,0.5526348064265566,0.7118670844414018,0.5587867677693525,0.5,0.5587867677693525,1.0,0.7169508740043834,0.5,0.5587867677693525,0,5295,0,6706
