model,accuracy,balanced_accuracy,precision_poisonous,recall_poisonous,f1_poisonous,roc_auc,average_precision,tn,fp,fn,tp,cv_accuracy_mean,cv_accuracy_std,cv_balanced_accuracy_mean,cv_balanced_accuracy_std,cv_f1_poisonous_mean,cv_f1_poisonous_std,cv_recall_poisonous_mean,cv_recall_poisonous_std,mean_fold_fit_seconds
decision_tree_5,0.562332780723208,0.5719124848659362,0.6387081602257584,0.4829589235967044,0.5500202511138113,0.5693595789016161,0.5956530338933655,17963,9218,17446,16296,0.5627240430709002,0.04828872661265266,0.5729829215948015,0.0382245303329519,0.5346392191423479,0.11882393253315184,0.48319199994125556,0.18333071334283155,0.3684103599982336
aws_tuned,0.6283997833330598,0.6234438992695152,0.6629200293470286,0.6694623910852943,0.6661751478242919,0.6399589852949399,0.6402634328515451,15695,11486,11153,22589,0.6280728591151197,0.04647511223579347,0.6234407155599492,0.04463806935410494,0.6648845204035257,0.04869821212754132,0.669532517050021,0.07453616985025949,4.987307959992904
aws_baseline,0.63527731726934,0.6324856635886189,0.6750531753266484,0.658407918914113,0.6666266578647302,0.651693471002356,0.6486278626471392,16487,10694,11526,22216,0.6350959242682779,0.041071277774592345,0.6328432683272187,0.04168717419816763,0.6656505767102583,0.04050644349671539,0.658448576314494,0.07087607631328009,5.8081684800039515
random_forest_200,0.6600134596129541,0.6548705359689493,0.6894465931892867,0.7026258075988382,0.6959738143815409,0.6600399902173417,0.6671542975344158,16502,10679,10034,23708,0.6598845029105,0.0452603258932254,0.6550280330773975,0.04675249217765554,0.6949659575086546,0.04481614803027568,0.7027024306496015,0.07650943850134628,11.951294660003622
random_forest_500,0.6593076506409731,0.656368742403447,0.695867269984917,0.6836583486456049,0.6897087843090355,0.6637380888555818,0.6693239460385332,17099,10082,10674,23068,0.6591156205443284,0.044155851523422655,0.6565073120567063,0.04342646618248761,0.6883749016341594,0.04706871144139573,0.6837913002229499,0.07864041293473543,8.182449700002326
gradient_boosting,0.6230323523135761,0.6189416862615571,0.6605674097031827,0.6569260861833917,0.6587417159499539,0.6262085119791061,0.6280360076872444,15791,11390,11576,22166,0.62308226676329,0.04774149190752269,0.6192480737531937,0.05127419368235421,0.6585549974330897,0.04264921836300967,0.6571835884884458,0.06063063792326524,845.4239975200035
xgboost,0.6212432086404149,0.6161640041372818,0.6564213860456932,0.6633276035801079,0.6598564247704123,0.6397889280751201,0.6929089877328922,15466,11715,11360,22382,0.6214567478697978,0.02934093485375701,0.6164690775886699,0.0310629015404809,0.6580428089034168,0.0402346689731954,0.6637195527221935,0.09429985039347663,2.0139597600093113
logistic_polynomial,0.5969502486745564,0.5907776182562543,0.6329560913485195,0.6480943631082924,0.6404357821674891,0.6102174351755452,0.6295766459716705,14500,12681,11874,21868,0.5970080835274135,0.06003981803088453,0.5910597367356385,0.06430130382857477,0.6408583677369836,0.04652973911914104,0.6480472355109371,0.05087992439621594,1.3237517400004435
logistic_artifact_config,0.6248379101488765,0.6186938427727683,0.6567864961401083,0.6757453618635528,0.6661310584592013,0.6342644843618656,0.6957817947302549,15266,11915,10941,22801,0.6244940238128703,0.0704945801510834,0.6180859604469897,0.07498040205436039,0.6668331438263124,0.05358329656441161,0.6756360379855753,0.050033454474664944,0.8259034599934238
majority,0.5538466588972966,0.5,0.5538466588972966,1.0,0.7128717054877727,0.5,0.5538466588972966,0,27181,0,33742,0.5539400707497745,0.007297408251751652,0.5,0.0,0.7129262875087639,0.006066531645512157,1.0,0.0,0.30106414000038056
