model,species_group,records,class,correct,fn,fp
decision_tree_5,0,353,p,176,177,0
decision_tree_5,1,353,p,223,130,0
decision_tree_5,2,353,p,0,353,0
decision_tree_5,3,353,e,0,0,353
decision_tree_5,4,353,p,0,353,0
decision_tree_5,5,353,e,0,0,353
decision_tree_5,6,353,p,0,353,0
decision_tree_5,7,353,e,353,0,0
decision_tree_5,8,353,e,353,0,0
decision_tree_5,9,353,e,353,0,0
decision_tree_5,10,353,p,0,353,0
decision_tree_5,11,353,p,0,353,0
decision_tree_5,12,353,e,351,0,2
decision_tree_5,13,353,e,353,0,0
decision_tree_5,14,353,e,348,0,5
decision_tree_5,15,353,e,353,0,0
decision_tree_5,16,353,e,353,0,0
decision_tree_5,17,353,p,190,163,0
decision_tree_5,18,353,e,353,0,0
decision_tree_5,19,353,e,100,0,253
decision_tree_5,20,353,p,249,104,0
decision_tree_5,21,353,p,118,235,0
decision_tree_5,22,353,p,0,353,0
decision_tree_5,23,353,p,353,0,0
decision_tree_5,24,353,e,348,0,5
decision_tree_5,25,353,p,0,353,0
decision_tree_5,26,353,e,91,0,262
decision_tree_5,27,352,p,349,3,0
decision_tree_5,28,353,p,353,0,0
decision_tree_5,29,353,e,353,0,0
decision_tree_5,30,353,p,353,0,0
decision_tree_5,31,353,p,0,353,0
decision_tree_5,32,353,e,0,0,353
decision_tree_5,33,353,e,0,0,353
decision_tree_5,34,353,p,353,0,0
decision_tree_5,35,353,e,0,0,353
decision_tree_5,36,352,p,199,153,0
decision_tree_5,37,353,p,353,0,0
decision_tree_5,38,353,p,0,353,0
decision_tree_5,39,353,p,109,244,0
decision_tree_5,40,353,e,353,0,0
decision_tree_5,41,353,e,353,0,0
decision_tree_5,42,353,e,353,0,0
decision_tree_5,43,353,e,353,0,0
decision_tree_5,44,353,p,8,345,0
decision_tree_5,45,353,e,353,0,0
decision_tree_5,46,353,e,353,0,0
decision_tree_5,47,353,e,353,0,0
decision_tree_5,48,353,p,1,352,0
decision_tree_5,49,353,e,353,0,0
decision_tree_5,50,353,e,353,0,0
decision_tree_5,51,353,e,338,0,15
decision_tree_5,52,353,p,0,353,0
decision_tree_5,53,353,e,126,0,227
decision_tree_5,54,353,p,353,0,0
decision_tree_5,55,353,p,353,0,0
decision_tree_5,56,353,p,248,105,0
decision_tree_5,57,353,e,353,0,0
decision_tree_5,58,353,e,0,0,353
decision_tree_5,59,353,p,0,353,0
decision_tree_5,60,353,e,230,0,123
decision_tree_5,61,353,e,246,0,107
decision_tree_5,62,353,e,353,0,0
decision_tree_5,63,353,e,353,0,0
decision_tree_5,64,353,p,0,353,0
decision_tree_5,65,353,p,0,353,0
decision_tree_5,66,353,p,180,173,0
decision_tree_5,67,353,p,347,6,0
decision_tree_5,68,353,e,353,0,0
decision_tree_5,69,353,e,353,0,0
decision_tree_5,70,353,e,353,0,0
decision_tree_5,71,353,e,353,0,0
decision_tree_5,72,353,p,0,353,0
decision_tree_5,73,353,p,0,353,0
decision_tree_5,74,353,e,0,0,353
decision_tree_5,75,353,p,0,353,0
decision_tree_5,76,353,e,0,0,353
decision_tree_5,77,353,p,0,353,0
decision_tree_5,78,353,p,81,272,0
decision_tree_5,79,353,p,181,172,0
decision_tree_5,80,353,p,0,353,0
decision_tree_5,81,353,p,76,277,0
decision_tree_5,82,353,p,297,56,0
decision_tree_5,83,353,p,353,0,0
decision_tree_5,84,353,e,0,0,353
decision_tree_5,85,353,p,0,353,0
decision_tree_5,86,353,e,353,0,0
decision_tree_5,87,353,p,0,353,0
decision_tree_5,88,353,e,350,0,3
decision_tree_5,89,353,e,0,0,353
decision_tree_5,90,353,p,353,0,0
decision_tree_5,91,353,p,353,0,0
decision_tree_5,92,353,p,0,353,0
decision_tree_5,93,353,p,0,353,0
decision_tree_5,94,353,p,0,353,0
decision_tree_5,95,353,e,353,0,0
decision_tree_5,96,353,p,1,352,0
decision_tree_5,97,353,p,353,0,0
decision_tree_5,98,353,p,353,0,0
decision_tree_5,99,353,e,0,0,353
decision_tree_5,100,353,p,2,351,0
decision_tree_5,101,353,p,353,0,0
decision_tree_5,102,353,e,0,0,353
decision_tree_5,103,353,p,353,0,0
decision_tree_5,104,353,p,263,90,0
decision_tree_5,105,353,p,243,110,0
decision_tree_5,106,353,p,353,0,0
decision_tree_5,107,353,p,353,0,0
decision_tree_5,108,353,p,0,353,0
decision_tree_5,109,353,p,0,353,0
decision_tree_5,110,353,p,353,0,0
decision_tree_5,111,353,p,0,353,0
decision_tree_5,112,353,p,0,353,0
decision_tree_5,113,353,p,88,265,0
decision_tree_5,114,353,p,353,0,0
decision_tree_5,115,353,p,226,127,0
decision_tree_5,116,353,p,353,0,0
decision_tree_5,117,353,p,353,0,0
decision_tree_5,118,353,p,353,0,0
decision_tree_5,119,353,e,353,0,0
decision_tree_5,120,353,e,0,0,353
decision_tree_5,121,353,e,353,0,0
decision_tree_5,122,353,p,0,353,0
decision_tree_5,123,353,e,158,0,195
decision_tree_5,124,353,e,0,0,353
decision_tree_5,125,353,p,0,353,0
decision_tree_5,126,353,p,0,353,0
decision_tree_5,127,353,p,0,353,0
decision_tree_5,128,353,e,0,0,353
decision_tree_5,129,353,e,0,0,353
decision_tree_5,130,353,e,177,0,176
decision_tree_5,131,353,e,353,0,0
decision_tree_5,132,353,e,0,0,353
decision_tree_5,133,353,p,353,0,0
decision_tree_5,134,353,p,353,0,0
decision_tree_5,135,353,p,353,0,0
decision_tree_5,136,353,p,230,123,0
decision_tree_5,137,353,e,353,0,0
decision_tree_5,138,353,e,353,0,0
decision_tree_5,139,353,e,353,0,0
decision_tree_5,140,353,e,353,0,0
decision_tree_5,141,353,p,353,0,0
decision_tree_5,142,353,p,0,353,0
decision_tree_5,143,353,e,172,0,181
decision_tree_5,144,353,p,0,353,0
decision_tree_5,145,353,e,352,0,1
decision_tree_5,146,353,e,0,0,353
decision_tree_5,147,353,e,353,0,0
decision_tree_5,148,353,e,353,0,0
decision_tree_5,149,353,e,353,0,0
decision_tree_5,150,353,e,352,0,1
decision_tree_5,151,353,p,353,0,0
decision_tree_5,152,353,p,353,0,0
decision_tree_5,153,353,p,353,0,0
decision_tree_5,154,353,e,0,0,353
decision_tree_5,155,353,e,104,0,249
decision_tree_5,156,353,e,0,0,353
decision_tree_5,157,353,e,353,0,0
decision_tree_5,158,353,e,353,0,0
decision_tree_5,159,353,p,0,353,0
decision_tree_5,160,325,p,325,0,0
decision_tree_5,161,353,e,353,0,0
decision_tree_5,162,353,p,353,0,0
decision_tree_5,163,341,p,341,0,0
decision_tree_5,164,249,p,249,0,0
decision_tree_5,165,353,e,353,0,0
decision_tree_5,166,353,p,0,353,0
decision_tree_5,167,353,p,353,0,0
decision_tree_5,168,353,p,0,353,0
decision_tree_5,169,353,p,353,0,0
decision_tree_5,170,353,p,0,353,0
decision_tree_5,171,353,e,0,0,353
decision_tree_5,172,353,p,353,0,0
aws_tuned,0,353,p,353,0,0
aws_tuned,1,353,p,353,0,0
aws_tuned,2,353,p,0,353,0
aws_tuned,3,353,e,0,0,353
aws_tuned,4,353,p,139,214,0
aws_tuned,5,353,e,0,0,353
aws_tuned,6,353,p,353,0,0
aws_tuned,7,353,e,0,0,353
aws_tuned,8,353,e,0,0,353
aws_tuned,9,353,e,353,0,0
aws_tuned,10,353,p,80,273,0
aws_tuned,11,353,p,263,90,0
aws_tuned,12,353,e,277,0,76
aws_tuned,13,353,e,353,0,0
aws_tuned,14,353,e,337,0,16
aws_tuned,15,353,e,334,0,19
aws_tuned,16,353,e,353,0,0
aws_tuned,17,353,p,4,349,0
aws_tuned,18,353,e,300,0,53
aws_tuned,19,353,e,100,0,253
aws_tuned,20,353,p,0,353,0
aws_tuned,21,353,p,50,303,0
aws_tuned,22,353,p,270,83,0
aws_tuned,23,353,p,353,0,0
aws_tuned,24,353,e,348,0,5
aws_tuned,25,353,p,125,228,0
aws_tuned,26,353,e,9,0,344
aws_tuned,27,352,p,0,352,0
aws_tuned,28,353,p,340,13,0
aws_tuned,29,353,e,341,0,12
aws_tuned,30,353,p,253,100,0
aws_tuned,31,353,p,13,340,0
aws_tuned,32,353,e,0,0,353
aws_tuned,33,353,e,0,0,353
aws_tuned,34,353,p,353,0,0
aws_tuned,35,353,e,0,0,353
aws_tuned,36,352,p,199,153,0
aws_tuned,37,353,p,353,0,0
aws_tuned,38,353,p,15,338,0
aws_tuned,39,353,p,353,0,0
aws_tuned,40,353,e,1,0,352
aws_tuned,41,353,e,344,0,9
aws_tuned,42,353,e,326,0,27
aws_tuned,43,353,e,270,0,83
aws_tuned,44,353,p,183,170,0
aws_tuned,45,353,e,353,0,0
aws_tuned,46,353,e,55,0,298
aws_tuned,47,353,e,0,0,353
aws_tuned,48,353,p,335,18,0
aws_tuned,49,353,e,353,0,0
aws_tuned,50,353,e,223,0,130
aws_tuned,51,353,e,317,0,36
aws_tuned,52,353,p,221,132,0
aws_tuned,53,353,e,33,0,320
aws_tuned,54,353,p,353,0,0
aws_tuned,55,353,p,270,83,0
aws_tuned,56,353,p,149,204,0
aws_tuned,57,353,e,346,0,7
aws_tuned,58,353,e,0,0,353
aws_tuned,59,353,p,309,44,0
aws_tuned,60,353,e,0,0,353
aws_tuned,61,353,e,353,0,0
aws_tuned,62,353,e,234,0,119
aws_tuned,63,353,e,253,0,100
aws_tuned,64,353,p,353,0,0
aws_tuned,65,353,p,0,353,0
aws_tuned,66,353,p,218,135,0
aws_tuned,67,353,p,35,318,0
aws_tuned,68,353,e,238,0,115
aws_tuned,69,353,e,353,0,0
aws_tuned,70,353,e,353,0,0
aws_tuned,71,353,e,97,0,256
aws_tuned,72,353,p,0,353,0
aws_tuned,73,353,p,353,0,0
aws_tuned,74,353,e,88,0,265
aws_tuned,75,353,p,0,353,0
aws_tuned,76,353,e,1,0,352
aws_tuned,77,353,p,0,353,0
aws_tuned,78,353,p,353,0,0
aws_tuned,79,353,p,237,116,0
aws_tuned,80,353,p,353,0,0
aws_tuned,81,353,p,353,0,0
aws_tuned,82,353,p,338,15,0
aws_tuned,83,353,p,353,0,0
aws_tuned,84,353,e,0,0,353
aws_tuned,85,353,p,353,0,0
aws_tuned,86,353,e,353,0,0
aws_tuned,87,353,p,0,353,0
aws_tuned,88,353,e,71,0,282
aws_tuned,89,353,e,0,0,353
aws_tuned,90,353,p,353,0,0
aws_tuned,91,353,p,353,0,0
aws_tuned,92,353,p,0,353,0
aws_tuned,93,353,p,353,0,0
aws_tuned,94,353,p,0,353,0
aws_tuned,95,353,e,15,0,338
aws_tuned,96,353,p,0,353,0
aws_tuned,97,353,p,353,0,0
aws_tuned,98,353,p,353,0,0
aws_tuned,99,353,e,265,0,88
aws_tuned,100,353,p,353,0,0
aws_tuned,101,353,p,353,0,0
aws_tuned,102,353,e,63,0,290
aws_tuned,103,353,p,353,0,0
aws_tuned,104,353,p,353,0,0
aws_tuned,105,353,p,353,0,0
aws_tuned,106,353,p,353,0,0
aws_tuned,107,353,p,353,0,0
aws_tuned,108,353,p,353,0,0
aws_tuned,109,353,p,174,179,0
aws_tuned,110,353,p,353,0,0
aws_tuned,111,353,p,145,208,0
aws_tuned,112,353,p,84,269,0
aws_tuned,113,353,p,347,6,0
aws_tuned,114,353,p,45,308,0
aws_tuned,115,353,p,353,0,0
aws_tuned,116,353,p,353,0,0
aws_tuned,117,353,p,344,9,0
aws_tuned,118,353,p,353,0,0
aws_tuned,119,353,e,346,0,7
aws_tuned,120,353,e,345,0,8
aws_tuned,121,353,e,5,0,348
aws_tuned,122,353,p,0,353,0
aws_tuned,123,353,e,277,0,76
aws_tuned,124,353,e,201,0,152
aws_tuned,125,353,p,208,145,0
aws_tuned,126,353,p,180,173,0
aws_tuned,127,353,p,0,353,0
aws_tuned,128,353,e,0,0,353
aws_tuned,129,353,e,0,0,353
aws_tuned,130,353,e,210,0,143
aws_tuned,131,353,e,304,0,49
aws_tuned,132,353,e,0,0,353
aws_tuned,133,353,p,353,0,0
aws_tuned,134,353,p,353,0,0
aws_tuned,135,353,p,353,0,0
aws_tuned,136,353,p,353,0,0
aws_tuned,137,353,e,140,0,213
aws_tuned,138,353,e,353,0,0
aws_tuned,139,353,e,266,0,87
aws_tuned,140,353,e,353,0,0
aws_tuned,141,353,p,279,74,0
aws_tuned,142,353,p,0,353,0
aws_tuned,143,353,e,272,0,81
aws_tuned,144,353,p,202,151,0
aws_tuned,145,353,e,352,0,1
aws_tuned,146,353,e,353,0,0
aws_tuned,147,353,e,353,0,0
aws_tuned,148,353,e,353,0,0
aws_tuned,149,353,e,353,0,0
aws_tuned,150,353,e,353,0,0
aws_tuned,151,353,p,353,0,0
aws_tuned,152,353,p,207,146,0
aws_tuned,153,353,p,252,101,0
aws_tuned,154,353,e,348,0,5
aws_tuned,155,353,e,273,0,80
aws_tuned,156,353,e,183,0,170
aws_tuned,157,353,e,347,0,6
aws_tuned,158,353,e,187,0,166
aws_tuned,159,353,p,353,0,0
aws_tuned,160,325,p,325,0,0
aws_tuned,161,353,e,351,0,2
aws_tuned,162,353,p,353,0,0
aws_tuned,163,341,p,341,0,0
aws_tuned,164,249,p,249,0,0
aws_tuned,165,353,e,1,0,352
aws_tuned,166,353,p,0,353,0
aws_tuned,167,353,p,285,68,0
aws_tuned,168,353,p,353,0,0
aws_tuned,169,353,p,353,0,0
aws_tuned,170,353,p,271,82,0
aws_tuned,171,353,e,353,0,0
aws_tuned,172,353,p,132,221,0
aws_baseline,0,353,p,353,0,0
aws_baseline,1,353,p,353,0,0
aws_baseline,2,353,p,0,353,0
aws_baseline,3,353,e,0,0,353
aws_baseline,4,353,p,55,298,0
aws_baseline,5,353,e,179,0,174
aws_baseline,6,353,p,353,0,0
aws_baseline,7,353,e,11,0,342
aws_baseline,8,353,e,163,0,190
aws_baseline,9,353,e,353,0,0
aws_baseline,10,353,p,51,302,0
aws_baseline,11,353,p,273,80,0
aws_baseline,12,353,e,338,0,15
aws_baseline,13,353,e,353,0,0
aws_baseline,14,353,e,353,0,0
aws_baseline,15,353,e,336,0,17
aws_baseline,16,353,e,353,0,0
aws_baseline,17,353,p,2,351,0
aws_baseline,18,353,e,348,0,5
aws_baseline,19,353,e,141,0,212
aws_baseline,20,353,p,0,353,0
aws_baseline,21,353,p,69,284,0
aws_baseline,22,353,p,277,76,0
aws_baseline,23,353,p,353,0,0
aws_baseline,24,353,e,351,0,2
aws_baseline,25,353,p,13,340,0
aws_baseline,26,353,e,0,0,353
aws_baseline,27,352,p,0,352,0
aws_baseline,28,353,p,353,0,0
aws_baseline,29,353,e,343,0,10
aws_baseline,30,353,p,205,148,0
aws_baseline,31,353,p,0,353,0
aws_baseline,32,353,e,0,0,353
aws_baseline,33,353,e,0,0,353
aws_baseline,34,353,p,349,4,0
aws_baseline,35,353,e,0,0,353
aws_baseline,36,352,p,199,153,0
aws_baseline,37,353,p,353,0,0
aws_baseline,38,353,p,1,352,0
aws_baseline,39,353,p,353,0,0
aws_baseline,40,353,e,41,0,312
aws_baseline,41,353,e,342,0,11
aws_baseline,42,353,e,353,0,0
aws_baseline,43,353,e,240,0,113
aws_baseline,44,353,p,253,100,0
aws_baseline,45,353,e,351,0,2
aws_baseline,46,353,e,276,0,77
aws_baseline,47,353,e,0,0,353
aws_baseline,48,353,p,353,0,0
aws_baseline,49,353,e,353,0,0
aws_baseline,50,353,e,190,0,163
aws_baseline,51,353,e,83,0,270
aws_baseline,52,353,p,270,83,0
aws_baseline,53,353,e,16,0,337
aws_baseline,54,353,p,353,0,0
aws_baseline,55,353,p,274,79,0
aws_baseline,56,353,p,144,209,0
aws_baseline,57,353,e,312,0,41
aws_baseline,58,353,e,0,0,353
aws_baseline,59,353,p,276,77,0
aws_baseline,60,353,e,0,0,353
aws_baseline,61,353,e,353,0,0
aws_baseline,62,353,e,350,0,3
aws_baseline,63,353,e,200,0,153
aws_baseline,64,353,p,353,0,0
aws_baseline,65,353,p,0,353,0
aws_baseline,66,353,p,250,103,0
aws_baseline,67,353,p,16,337,0
aws_baseline,68,353,e,191,0,162
aws_baseline,69,353,e,353,0,0
aws_baseline,70,353,e,350,0,3
aws_baseline,71,353,e,208,0,145
aws_baseline,72,353,p,0,353,0
aws_baseline,73,353,p,350,3,0
aws_baseline,74,353,e,81,0,272
aws_baseline,75,353,p,0,353,0
aws_baseline,76,353,e,136,0,217
aws_baseline,77,353,p,0,353,0
aws_baseline,78,353,p,353,0,0
aws_baseline,79,353,p,168,185,0
aws_baseline,80,353,p,353,0,0
aws_baseline,81,353,p,353,0,0
aws_baseline,82,353,p,341,12,0
aws_baseline,83,353,p,353,0,0
aws_baseline,84,353,e,0,0,353
aws_baseline,85,353,p,353,0,0
aws_baseline,86,353,e,353,0,0
aws_baseline,87,353,p,0,353,0
aws_baseline,88,353,e,60,0,293
aws_baseline,89,353,e,1,0,352
aws_baseline,90,353,p,353,0,0
aws_baseline,91,353,p,353,0,0
aws_baseline,92,353,p,0,353,0
aws_baseline,93,353,p,353,0,0
aws_baseline,94,353,p,0,353,0
aws_baseline,95,353,e,20,0,333
aws_baseline,96,353,p,0,353,0
aws_baseline,97,353,p,353,0,0
aws_baseline,98,353,p,353,0,0
aws_baseline,99,353,e,249,0,104
aws_baseline,100,353,p,353,0,0
aws_baseline,101,353,p,342,11,0
aws_baseline,102,353,e,59,0,294
aws_baseline,103,353,p,353,0,0
aws_baseline,104,353,p,353,0,0
aws_baseline,105,353,p,352,1,0
aws_baseline,106,353,p,353,0,0
aws_baseline,107,353,p,353,0,0
aws_baseline,108,353,p,353,0,0
aws_baseline,109,353,p,231,122,0
aws_baseline,110,353,p,353,0,0
aws_baseline,111,353,p,173,180,0
aws_baseline,112,353,p,210,143,0
aws_baseline,113,353,p,348,5,0
aws_baseline,114,353,p,45,308,0
aws_baseline,115,353,p,353,0,0
aws_baseline,116,353,p,353,0,0
aws_baseline,117,353,p,353,0,0
aws_baseline,118,353,p,223,130,0
aws_baseline,119,353,e,352,0,1
aws_baseline,120,353,e,232,0,121
aws_baseline,121,353,e,141,0,212
aws_baseline,122,353,p,0,353,0
aws_baseline,123,353,e,333,0,20
aws_baseline,124,353,e,238,0,115
aws_baseline,125,353,p,299,54,0
aws_baseline,126,353,p,180,173,0
aws_baseline,127,353,p,0,353,0
aws_baseline,128,353,e,0,0,353
aws_baseline,129,353,e,0,0,353
aws_baseline,130,353,e,274,0,79
aws_baseline,131,353,e,274,0,79
aws_baseline,132,353,e,0,0,353
aws_baseline,133,353,p,353,0,0
aws_baseline,134,353,p,353,0,0
aws_baseline,135,353,p,353,0,0
aws_baseline,136,353,p,353,0,0
aws_baseline,137,353,e,107,0,246
aws_baseline,138,353,e,353,0,0
aws_baseline,139,353,e,279,0,74
aws_baseline,140,353,e,353,0,0
aws_baseline,141,353,p,248,105,0
aws_baseline,142,353,p,0,353,0
aws_baseline,143,353,e,202,0,151
aws_baseline,144,353,p,177,176,0
aws_baseline,145,353,e,352,0,1
aws_baseline,146,353,e,353,0,0
aws_baseline,147,353,e,353,0,0
aws_baseline,148,353,e,353,0,0
aws_baseline,149,353,e,353,0,0
aws_baseline,150,353,e,353,0,0
aws_baseline,151,353,p,353,0,0
aws_baseline,152,353,p,138,215,0
aws_baseline,153,353,p,270,83,0
aws_baseline,154,353,e,343,0,10
aws_baseline,155,353,e,299,0,54
aws_baseline,156,353,e,173,0,180
aws_baseline,157,353,e,336,0,17
aws_baseline,158,353,e,232,0,121
aws_baseline,159,353,p,351,2,0
aws_baseline,160,325,p,325,0,0
aws_baseline,161,353,e,353,0,0
aws_baseline,162,353,p,353,0,0
aws_baseline,163,341,p,341,0,0
aws_baseline,164,249,p,249,0,0
aws_baseline,165,353,e,0,0,353
aws_baseline,166,353,p,0,353,0
aws_baseline,167,353,p,34,319,0
aws_baseline,168,353,p,349,4,0
aws_baseline,169,353,p,353,0,0
aws_baseline,170,353,p,269,84,0
aws_baseline,171,353,e,353,0,0
aws_baseline,172,353,p,165,188,0
random_forest_200,0,353,p,353,0,0
random_forest_200,1,353,p,353,0,0
random_forest_200,2,353,p,0,353,0
random_forest_200,3,353,e,175,0,178
random_forest_200,4,353,p,173,180,0
random_forest_200,5,353,e,147,0,206
random_forest_200,6,353,p,353,0,0
random_forest_200,7,353,e,291,0,62
random_forest_200,8,353,e,0,0,353
random_forest_200,9,353,e,353,0,0
random_forest_200,10,353,p,351,2,0
random_forest_200,11,353,p,312,41,0
random_forest_200,12,353,e,346,0,7
random_forest_200,13,353,e,353,0,0
random_forest_200,14,353,e,353,0,0
random_forest_200,15,353,e,249,0,104
random_forest_200,16,353,e,345,0,8
random_forest_200,17,353,p,3,350,0
random_forest_200,18,353,e,352,0,1
random_forest_200,19,353,e,97,0,256
random_forest_200,20,353,p,0,353,0
random_forest_200,21,353,p,0,353,0
random_forest_200,22,353,p,320,33,0
random_forest_200,23,353,p,339,14,0
random_forest_200,24,353,e,100,0,253
random_forest_200,25,353,p,347,6,0
random_forest_200,26,353,e,0,0,353
random_forest_200,27,352,p,0,352,0
random_forest_200,28,353,p,348,5,0
random_forest_200,29,353,e,352,0,1
random_forest_200,30,353,p,353,0,0
random_forest_200,31,353,p,136,217,0
random_forest_200,32,353,e,0,0,353
random_forest_200,33,353,e,0,0,353
random_forest_200,34,353,p,327,26,0
random_forest_200,35,353,e,0,0,353
random_forest_200,36,352,p,199,153,0
random_forest_200,37,353,p,353,0,0
random_forest_200,38,353,p,331,22,0
random_forest_200,39,353,p,353,0,0
random_forest_200,40,353,e,0,0,353
random_forest_200,41,353,e,336,0,17
random_forest_200,42,353,e,260,0,93
random_forest_200,43,353,e,306,0,47
random_forest_200,44,353,p,344,9,0
random_forest_200,45,353,e,353,0,0
random_forest_200,46,353,e,178,0,175
random_forest_200,47,353,e,12,0,341
random_forest_200,48,353,p,352,1,0
random_forest_200,49,353,e,353,0,0
random_forest_200,50,353,e,327,0,26
random_forest_200,51,353,e,51,0,302
random_forest_200,52,353,p,125,228,0
random_forest_200,53,353,e,44,0,309
random_forest_200,54,353,p,353,0,0
random_forest_200,55,353,p,176,177,0
random_forest_200,56,353,p,157,196,0
random_forest_200,57,353,e,329,0,24
random_forest_200,58,353,e,0,0,353
random_forest_200,59,353,p,352,1,0
random_forest_200,60,353,e,0,0,353
random_forest_200,61,353,e,353,0,0
random_forest_200,62,353,e,269,0,84
random_forest_200,63,353,e,175,0,178
random_forest_200,64,353,p,189,164,0
random_forest_200,65,353,p,0,353,0
random_forest_200,66,353,p,218,135,0
random_forest_200,67,353,p,0,353,0
random_forest_200,68,353,e,138,0,215
random_forest_200,69,353,e,353,0,0
random_forest_200,70,353,e,213,0,140
random_forest_200,71,353,e,111,0,242
random_forest_200,72,353,p,0,353,0
random_forest_200,73,353,p,349,4,0
random_forest_200,74,353,e,153,0,200
random_forest_200,75,353,p,0,353,0
random_forest_200,76,353,e,235,0,118
random_forest_200,77,353,p,0,353,0
random_forest_200,78,353,p,352,1,0
random_forest_200,79,353,p,280,73,0
random_forest_200,80,353,p,334,19,0
random_forest_200,81,353,p,353,0,0
random_forest_200,82,353,p,347,6,0
random_forest_200,83,353,p,353,0,0
random_forest_200,84,353,e,0,0,353
random_forest_200,85,353,p,353,0,0
random_forest_200,86,353,e,110,0,243
random_forest_200,87,353,p,0,353,0
random_forest_200,88,353,e,96,0,257
random_forest_200,89,353,e,0,0,353
random_forest_200,90,353,p,353,0,0
random_forest_200,91,353,p,353,0,0
random_forest_200,92,353,p,0,353,0
random_forest_200,93,353,p,353,0,0
random_forest_200,94,353,p,0,353,0
random_forest_200,95,353,e,187,0,166
random_forest_200,96,353,p,0,353,0
random_forest_200,97,353,p,353,0,0
random_forest_200,98,353,p,353,0,0
random_forest_200,99,353,e,281,0,72
random_forest_200,100,353,p,353,0,0
random_forest_200,101,353,p,353,0,0
random_forest_200,102,353,e,144,0,209
random_forest_200,103,353,p,353,0,0
random_forest_200,104,353,p,353,0,0
random_forest_200,105,353,p,353,0,0
random_forest_200,106,353,p,353,0,0
random_forest_200,107,353,p,353,0,0
random_forest_200,108,353,p,353,0,0
random_forest_200,109,353,p,353,0,0
random_forest_200,110,353,p,258,95,0
random_forest_200,111,353,p,173,180,0
random_forest_200,112,353,p,233,120,0
random_forest_200,113,353,p,352,1,0
random_forest_200,114,353,p,151,202,0
random_forest_200,115,353,p,353,0,0
random_forest_200,116,353,p,353,0,0
random_forest_200,117,353,p,353,0,0
random_forest_200,118,353,p,353,0,0
random_forest_200,119,353,e,353,0,0
random_forest_200,120,353,e,353,0,0
random_forest_200,121,353,e,0,0,353
random_forest_200,122,353,p,0,353,0
random_forest_200,123,353,e,142,0,211
random_forest_200,124,353,e,302,0,51
random_forest_200,125,353,p,353,0,0
random_forest_200,126,353,p,180,173,0
random_forest_200,127,353,p,0,353,0
random_forest_200,128,353,e,0,0,353
random_forest_200,129,353,e,0,0,353
random_forest_200,130,353,e,253,0,100
random_forest_200,131,353,e,88,0,265
random_forest_200,132,353,e,323,0,30
random_forest_200,133,353,p,353,0,0
random_forest_200,134,353,p,353,0,0
random_forest_200,135,353,p,353,0,0
random_forest_200,136,353,p,353,0,0
random_forest_200,137,353,e,168,0,185
random_forest_200,138,353,e,353,0,0
random_forest_200,139,353,e,234,0,119
random_forest_200,140,353,e,353,0,0
random_forest_200,141,353,p,353,0,0
random_forest_200,142,353,p,0,353,0
random_forest_200,143,353,e,212,0,141
random_forest_200,144,353,p,142,211,0
random_forest_200,145,353,e,353,0,0
random_forest_200,146,353,e,353,0,0
random_forest_200,147,353,e,353,0,0
random_forest_200,148,353,e,353,0,0
random_forest_200,149,353,e,353,0,0
random_forest_200,150,353,e,353,0,0
random_forest_200,151,353,p,353,0,0
random_forest_200,152,353,p,186,167,0
random_forest_200,153,353,p,309,44,0
random_forest_200,154,353,e,353,0,0
random_forest_200,155,353,e,333,0,20
random_forest_200,156,353,e,353,0,0
random_forest_200,157,353,e,351,0,2
random_forest_200,158,353,e,274,0,79
random_forest_200,159,353,p,311,42,0
random_forest_200,160,325,p,269,56,0
random_forest_200,161,353,e,353,0,0
random_forest_200,162,353,p,353,0,0
random_forest_200,163,341,p,341,0,0
random_forest_200,164,249,p,249,0,0
random_forest_200,165,353,e,0,0,353
random_forest_200,166,353,p,0,353,0
random_forest_200,167,353,p,26,327,0
random_forest_200,168,353,p,353,0,0
random_forest_200,169,353,p,353,0,0
random_forest_200,170,353,p,353,0,0
random_forest_200,171,353,e,353,0,0
random_forest_200,172,353,p,0,353,0
random_forest_500,0,353,p,353,0,0
random_forest_500,1,353,p,353,0,0
random_forest_500,2,353,p,0,353,0
random_forest_500,3,353,e,61,0,292
random_forest_500,4,353,p,38,315,0
random_forest_500,5,353,e,88,0,265
random_forest_500,6,353,p,353,0,0
random_forest_500,7,353,e,309,0,44
random_forest_500,8,353,e,0,0,353
random_forest_500,9,353,e,353,0,0
random_forest_500,10,353,p,353,0,0
random_forest_500,11,353,p,262,91,0
random_forest_500,12,353,e,344,0,9
random_forest_500,13,353,e,353,0,0
random_forest_500,14,353,e,353,0,0
random_forest_500,15,353,e,293,0,60
random_forest_500,16,353,e,333,0,20
random_forest_500,17,353,p,2,351,0
random_forest_500,18,353,e,352,0,1
random_forest_500,19,353,e,107,0,246
random_forest_500,20,353,p,0,353,0
random_forest_500,21,353,p,0,353,0
random_forest_500,22,353,p,325,28,0
random_forest_500,23,353,p,353,0,0
random_forest_500,24,353,e,278,0,75
random_forest_500,25,353,p,353,0,0
random_forest_500,26,353,e,43,0,310
random_forest_500,27,352,p,0,352,0
random_forest_500,28,353,p,353,0,0
random_forest_500,29,353,e,350,0,3
random_forest_500,30,353,p,353,0,0
random_forest_500,31,353,p,135,218,0
random_forest_500,32,353,e,0,0,353
random_forest_500,33,353,e,0,0,353
random_forest_500,34,353,p,320,33,0
random_forest_500,35,353,e,0,0,353
random_forest_500,36,352,p,199,153,0
random_forest_500,37,353,p,353,0,0
random_forest_500,38,353,p,349,4,0
random_forest_500,39,353,p,353,0,0
random_forest_500,40,353,e,0,0,353
random_forest_500,41,353,e,339,0,14
random_forest_500,42,353,e,296,0,57
random_forest_500,43,353,e,239,0,114
random_forest_500,44,353,p,341,12,0
random_forest_500,45,353,e,353,0,0
random_forest_500,46,353,e,217,0,136
random_forest_500,47,353,e,0,0,353
random_forest_500,48,353,p,301,52,0
random_forest_500,49,353,e,353,0,0
random_forest_500,50,353,e,353,0,0
random_forest_500,51,353,e,30,0,323
random_forest_500,52,353,p,114,239,0
random_forest_500,53,353,e,65,0,288
random_forest_500,54,353,p,353,0,0
random_forest_500,55,353,p,192,161,0
random_forest_500,56,353,p,167,186,0
random_forest_500,57,353,e,347,0,6
random_forest_500,58,353,e,0,0,353
random_forest_500,59,353,p,344,9,0
random_forest_500,60,353,e,0,0,353
random_forest_500,61,353,e,353,0,0
random_forest_500,62,353,e,269,0,84
random_forest_500,63,353,e,353,0,0
random_forest_500,64,353,p,137,216,0
random_forest_500,65,353,p,0,353,0
random_forest_500,66,353,p,225,128,0
random_forest_500,67,353,p,0,353,0
random_forest_500,68,353,e,167,0,186
random_forest_500,69,353,e,353,0,0
random_forest_500,70,353,e,261,0,92
random_forest_500,71,353,e,177,0,176
random_forest_500,72,353,p,0,353,0
random_forest_500,73,353,p,349,4,0
random_forest_500,74,353,e,169,0,184
random_forest_500,75,353,p,0,353,0
random_forest_500,76,353,e,351,0,2
random_forest_500,77,353,p,0,353,0
random_forest_500,78,353,p,353,0,0
random_forest_500,79,353,p,241,112,0
random_forest_500,80,353,p,329,24,0
random_forest_500,81,353,p,353,0,0
random_forest_500,82,353,p,347,6,0
random_forest_500,83,353,p,353,0,0
random_forest_500,84,353,e,0,0,353
random_forest_500,85,353,p,353,0,0
random_forest_500,86,353,e,174,0,179
random_forest_500,87,353,p,0,353,0
random_forest_500,88,353,e,112,0,241
random_forest_500,89,353,e,2,0,351
random_forest_500,90,353,p,353,0,0
random_forest_500,91,353,p,351,2,0
random_forest_500,92,353,p,0,353,0
random_forest_500,93,353,p,353,0,0
random_forest_500,94,353,p,0,353,0
random_forest_500,95,353,e,188,0,165
random_forest_500,96,353,p,0,353,0
random_forest_500,97,353,p,353,0,0
random_forest_500,98,353,p,353,0,0
random_forest_500,99,353,e,258,0,95
random_forest_500,100,353,p,353,0,0
random_forest_500,101,353,p,353,0,0
random_forest_500,102,353,e,93,0,260
random_forest_500,103,353,p,353,0,0
random_forest_500,104,353,p,353,0,0
random_forest_500,105,353,p,353,0,0
random_forest_500,106,353,p,353,0,0
random_forest_500,107,353,p,353,0,0
random_forest_500,108,353,p,353,0,0
random_forest_500,109,353,p,345,8,0
random_forest_500,110,353,p,293,60,0
random_forest_500,111,353,p,171,182,0
random_forest_500,112,353,p,11,342,0
random_forest_500,113,353,p,344,9,0
random_forest_500,114,353,p,87,266,0
random_forest_500,115,353,p,353,0,0
random_forest_500,116,353,p,353,0,0
random_forest_500,117,353,p,353,0,0
random_forest_500,118,353,p,353,0,0
random_forest_500,119,353,e,353,0,0
random_forest_500,120,353,e,353,0,0
random_forest_500,121,353,e,0,0,353
random_forest_500,122,353,p,0,353,0
random_forest_500,123,353,e,124,0,229
random_forest_500,124,353,e,292,0,61
random_forest_500,125,353,p,353,0,0
random_forest_500,126,353,p,180,173,0
random_forest_500,127,353,p,0,353,0
random_forest_500,128,353,e,0,0,353
random_forest_500,129,353,e,0,0,353
random_forest_500,130,353,e,277,0,76
random_forest_500,131,353,e,140,0,213
random_forest_500,132,353,e,264,0,89
random_forest_500,133,353,p,353,0,0
random_forest_500,134,353,p,353,0,0
random_forest_500,135,353,p,353,0,0
random_forest_500,136,353,p,353,0,0
random_forest_500,137,353,e,172,0,181
random_forest_500,138,353,e,353,0,0
random_forest_500,139,353,e,242,0,111
random_forest_500,140,353,e,353,0,0
random_forest_500,141,353,p,263,90,0
random_forest_500,142,353,p,0,353,0
random_forest_500,143,353,e,207,0,146
random_forest_500,144,353,p,166,187,0
random_forest_500,145,353,e,353,0,0
random_forest_500,146,353,e,353,0,0
random_forest_500,147,353,e,353,0,0
random_forest_500,148,353,e,353,0,0
random_forest_500,149,353,e,353,0,0
random_forest_500,150,353,e,353,0,0
random_forest_500,151,353,p,353,0,0
random_forest_500,152,353,p,167,186,0
random_forest_500,153,353,p,295,58,0
random_forest_500,154,353,e,347,0,6
random_forest_500,155,353,e,339,0,14
random_forest_500,156,353,e,331,0,22
random_forest_500,157,353,e,331,0,22
random_forest_500,158,353,e,308,0,45
random_forest_500,159,353,p,317,36,0
random_forest_500,160,325,p,261,64,0
random_forest_500,161,353,e,353,0,0
random_forest_500,162,353,p,353,0,0
random_forest_500,163,341,p,341,0,0
random_forest_500,164,249,p,249,0,0
random_forest_500,165,353,e,0,0,353
random_forest_500,166,353,p,0,353,0
random_forest_500,167,353,p,105,248,0
random_forest_500,168,353,p,353,0,0
random_forest_500,169,353,p,353,0,0
random_forest_500,170,353,p,285,68,0
random_forest_500,171,353,e,353,0,0
random_forest_500,172,353,p,0,353,0
gradient_boosting,0,353,p,343,10,0
gradient_boosting,1,353,p,0,353,0
gradient_boosting,2,353,p,0,353,0
gradient_boosting,3,353,e,30,0,323
gradient_boosting,4,353,p,0,353,0
gradient_boosting,5,353,e,289,0,64
gradient_boosting,6,353,p,353,0,0
gradient_boosting,7,353,e,156,0,197
gradient_boosting,8,353,e,0,0,353
gradient_boosting,9,353,e,256,0,97
gradient_boosting,10,353,p,61,292,0
gradient_boosting,11,353,p,305,48,0
gradient_boosting,12,353,e,158,0,195
gradient_boosting,13,353,e,186,0,167
gradient_boosting,14,353,e,347,0,6
gradient_boosting,15,353,e,330,0,23
gradient_boosting,16,353,e,135,0,218
gradient_boosting,17,353,p,20,333,0
gradient_boosting,18,353,e,353,0,0
gradient_boosting,19,353,e,133,0,220
gradient_boosting,20,353,p,0,353,0
gradient_boosting,21,353,p,0,353,0
gradient_boosting,22,353,p,242,111,0
gradient_boosting,23,353,p,353,0,0
gradient_boosting,24,353,e,238,0,115
gradient_boosting,25,353,p,331,22,0
gradient_boosting,26,353,e,274,0,79
gradient_boosting,27,352,p,152,200,0
gradient_boosting,28,353,p,353,0,0
gradient_boosting,29,353,e,352,0,1
gradient_boosting,30,353,p,339,14,0
gradient_boosting,31,353,p,105,248,0
gradient_boosting,32,353,e,0,0,353
gradient_boosting,33,353,e,0,0,353
gradient_boosting,34,353,p,100,253,0
gradient_boosting,35,353,e,0,0,353
gradient_boosting,36,352,p,199,153,0
gradient_boosting,37,353,p,353,0,0
gradient_boosting,38,353,p,347,6,0
gradient_boosting,39,353,p,353,0,0
gradient_boosting,40,353,e,145,0,208
gradient_boosting,41,353,e,330,0,23
gradient_boosting,42,353,e,165,0,188
gradient_boosting,43,353,e,353,0,0
gradient_boosting,44,353,p,353,0,0
gradient_boosting,45,353,e,353,0,0
gradient_boosting,46,353,e,145,0,208
gradient_boosting,47,353,e,0,0,353
gradient_boosting,48,353,p,177,176,0
gradient_boosting,49,353,e,353,0,0
gradient_boosting,50,353,e,340,0,13
gradient_boosting,51,353,e,279,0,74
gradient_boosting,52,353,p,322,31,0
gradient_boosting,53,353,e,48,0,305
gradient_boosting,54,353,p,353,0,0
gradient_boosting,55,353,p,279,74,0
gradient_boosting,56,353,p,151,202,0
gradient_boosting,57,353,e,256,0,97
gradient_boosting,58,353,e,0,0,353
gradient_boosting,59,353,p,282,71,0
gradient_boosting,60,353,e,52,0,301
gradient_boosting,61,353,e,353,0,0
gradient_boosting,62,353,e,255,0,98
gradient_boosting,63,353,e,1,0,352
gradient_boosting,64,353,p,107,246,0
gradient_boosting,65,353,p,0,353,0
gradient_boosting,66,353,p,186,167,0
gradient_boosting,67,353,p,0,353,0
gradient_boosting,68,353,e,63,0,290
gradient_boosting,69,353,e,353,0,0
gradient_boosting,70,353,e,175,0,178
gradient_boosting,71,353,e,2,0,351
gradient_boosting,72,353,p,0,353,0
gradient_boosting,73,353,p,33,320,0
gradient_boosting,74,353,e,189,0,164
gradient_boosting,75,353,p,0,353,0
gradient_boosting,76,353,e,143,0,210
gradient_boosting,77,353,p,0,353,0
gradient_boosting,78,353,p,350,3,0
gradient_boosting,79,353,p,157,196,0
gradient_boosting,80,353,p,349,4,0
gradient_boosting,81,353,p,352,1,0
gradient_boosting,82,353,p,318,35,0
gradient_boosting,83,353,p,353,0,0
gradient_boosting,84,353,e,0,0,353
gradient_boosting,85,353,p,353,0,0
gradient_boosting,86,353,e,251,0,102
gradient_boosting,87,353,p,0,353,0
gradient_boosting,88,353,e,335,0,18
gradient_boosting,89,353,e,162,0,191
gradient_boosting,90,353,p,353,0,0
gradient_boosting,91,353,p,353,0,0
gradient_boosting,92,353,p,0,353,0
gradient_boosting,93,353,p,353,0,0
gradient_boosting,94,353,p,0,353,0
gradient_boosting,95,353,e,181,0,172
gradient_boosting,96,353,p,0,353,0
gradient_boosting,97,353,p,353,0,0
gradient_boosting,98,353,p,353,0,0
gradient_boosting,99,353,e,160,0,193
gradient_boosting,100,353,p,307,46,0
gradient_boosting,101,353,p,353,0,0
gradient_boosting,102,353,e,179,0,174
gradient_boosting,103,353,p,353,0,0
gradient_boosting,104,353,p,353,0,0
gradient_boosting,105,353,p,352,1,0
gradient_boosting,106,353,p,353,0,0
gradient_boosting,107,353,p,353,0,0
gradient_boosting,108,353,p,353,0,0
gradient_boosting,109,353,p,323,30,0
gradient_boosting,110,353,p,242,111,0
gradient_boosting,111,353,p,16,337,0
gradient_boosting,112,353,p,123,230,0
gradient_boosting,113,353,p,328,25,0
gradient_boosting,114,353,p,353,0,0
gradient_boosting,115,353,p,353,0,0
gradient_boosting,116,353,p,353,0,0
gradient_boosting,117,353,p,353,0,0
gradient_boosting,118,353,p,318,35,0
gradient_boosting,119,353,e,353,0,0
gradient_boosting,120,353,e,353,0,0
gradient_boosting,121,353,e,0,0,353
gradient_boosting,122,353,p,0,353,0
gradient_boosting,123,353,e,0,0,353
gradient_boosting,124,353,e,3,0,350
gradient_boosting,125,353,p,353,0,0
gradient_boosting,126,353,p,180,173,0
gradient_boosting,127,353,p,58,295,0
gradient_boosting,128,353,e,0,0,353
gradient_boosting,129,353,e,0,0,353
gradient_boosting,130,353,e,171,0,182
gradient_boosting,131,353,e,0,0,353
gradient_boosting,132,353,e,266,0,87
gradient_boosting,133,353,p,353,0,0
gradient_boosting,134,353,p,353,0,0
gradient_boosting,135,353,p,262,91,0
gradient_boosting,136,353,p,353,0,0
gradient_boosting,137,353,e,217,0,136
gradient_boosting,138,353,e,353,0,0
gradient_boosting,139,353,e,353,0,0
gradient_boosting,140,353,e,353,0,0
gradient_boosting,141,353,p,353,0,0
gradient_boosting,142,353,p,2,351,0
gradient_boosting,143,353,e,176,0,177
gradient_boosting,144,353,p,20,333,0
gradient_boosting,145,353,e,353,0,0
gradient_boosting,146,353,e,353,0,0
gradient_boosting,147,353,e,353,0,0
gradient_boosting,148,353,e,353,0,0
gradient_boosting,149,353,e,353,0,0
gradient_boosting,150,353,e,353,0,0
gradient_boosting,151,353,p,353,0,0
gradient_boosting,152,353,p,353,0,0
gradient_boosting,153,353,p,272,81,0
gradient_boosting,154,353,e,178,0,175
gradient_boosting,155,353,e,274,0,79
gradient_boosting,156,353,e,353,0,0
gradient_boosting,157,353,e,353,0,0
gradient_boosting,158,353,e,353,0,0
gradient_boosting,159,353,p,291,62,0
gradient_boosting,160,325,p,325,0,0
gradient_boosting,161,353,e,353,0,0
gradient_boosting,162,353,p,353,0,0
gradient_boosting,163,341,p,341,0,0
gradient_boosting,164,249,p,249,0,0
gradient_boosting,165,353,e,0,0,353
gradient_boosting,166,353,p,0,353,0
gradient_boosting,167,353,p,0,353,0
gradient_boosting,168,353,p,353,0,0
gradient_boosting,169,353,p,353,0,0
gradient_boosting,170,353,p,353,0,0
gradient_boosting,171,353,e,353,0,0
gradient_boosting,172,353,p,195,158,0
xgboost,0,353,p,345,8,0
xgboost,1,353,p,1,352,0
xgboost,2,353,p,0,353,0
xgboost,3,353,e,88,0,265
xgboost,4,353,p,65,288,0
xgboost,5,353,e,352,0,1
xgboost,6,353,p,353,0,0
xgboost,7,353,e,119,0,234
xgboost,8,353,e,0,0,353
xgboost,9,353,e,353,0,0
xgboost,10,353,p,0,353,0
xgboost,11,353,p,242,111,0
xgboost,12,353,e,341,0,12
xgboost,13,353,e,186,0,167
xgboost,14,353,e,332,0,21
xgboost,15,353,e,302,0,51
xgboost,16,353,e,245,0,108
xgboost,17,353,p,16,337,0
xgboost,18,353,e,347,0,6
xgboost,19,353,e,109,0,244
xgboost,20,353,p,0,353,0
xgboost,21,353,p,0,353,0
xgboost,22,353,p,307,46,0
xgboost,23,353,p,353,0,0
xgboost,24,353,e,4,0,349
xgboost,25,353,p,353,0,0
xgboost,26,353,e,196,0,157
xgboost,27,352,p,1,351,0
xgboost,28,353,p,353,0,0
xgboost,29,353,e,352,0,1
xgboost,30,353,p,284,69,0
xgboost,31,353,p,54,299,0
xgboost,32,353,e,0,0,353
xgboost,33,353,e,0,0,353
xgboost,34,353,p,160,193,0
xgboost,35,353,e,0,0,353
xgboost,36,352,p,352,0,0
xgboost,37,353,p,353,0,0
xgboost,38,353,p,353,0,0
xgboost,39,353,p,353,0,0
xgboost,40,353,e,37,0,316
xgboost,41,353,e,353,0,0
xgboost,42,353,e,165,0,188
xgboost,43,353,e,338,0,15
xgboost,44,353,p,353,0,0
xgboost,45,353,e,353,0,0
xgboost,46,353,e,249,0,104
xgboost,47,353,e,0,0,353
xgboost,48,353,p,188,165,0
xgboost,49,353,e,353,0,0
xgboost,50,353,e,353,0,0
xgboost,51,353,e,137,0,216
xgboost,52,353,p,334,19,0
xgboost,53,353,e,72,0,281
xgboost,54,353,p,351,2,0
xgboost,55,353,p,314,39,0
xgboost,56,353,p,175,178,0
xgboost,57,353,e,178,0,175
xgboost,58,353,e,0,0,353
xgboost,59,353,p,235,118,0
xgboost,60,353,e,195,0,158
xgboost,61,353,e,353,0,0
xgboost,62,353,e,36,0,317
xgboost,63,353,e,226,0,127
xgboost,64,353,p,218,135,0
xgboost,65,353,p,0,353,0
xgboost,66,353,p,237,116,0
xgboost,67,353,p,0,353,0
xgboost,68,353,e,172,0,181
xgboost,69,353,e,353,0,0
xgboost,70,353,e,174,0,179
xgboost,71,353,e,106,0,247
xgboost,72,353,p,0,353,0
xgboost,73,353,p,152,201,0
xgboost,74,353,e,200,0,153
xgboost,75,353,p,0,353,0
xgboost,76,353,e,75,0,278
xgboost,77,353,p,0,353,0
xgboost,78,353,p,321,32,0
xgboost,79,353,p,156,197,0
xgboost,80,353,p,327,26,0
xgboost,81,353,p,346,7,0
xgboost,82,353,p,327,26,0
xgboost,83,353,p,353,0,0
xgboost,84,353,e,0,0,353
xgboost,85,353,p,353,0,0
xgboost,86,353,e,109,0,244
xgboost,87,353,p,1,352,0
xgboost,88,353,e,274,0,79
xgboost,89,353,e,0,0,353
xgboost,90,353,p,353,0,0
xgboost,91,353,p,353,0,0
xgboost,92,353,p,0,353,0
xgboost,93,353,p,353,0,0
xgboost,94,353,p,0,353,0
xgboost,95,353,e,0,0,353
xgboost,96,353,p,0,353,0
xgboost,97,353,p,353,0,0
xgboost,98,353,p,345,8,0
xgboost,99,353,e,272,0,81
xgboost,100,353,p,353,0,0
xgboost,101,353,p,353,0,0
xgboost,102,353,e,186,0,167
xgboost,103,353,p,353,0,0
xgboost,104,353,p,353,0,0
xgboost,105,353,p,353,0,0
xgboost,106,353,p,353,0,0
xgboost,107,353,p,353,0,0
xgboost,108,353,p,353,0,0
xgboost,109,353,p,127,226,0
xgboost,110,353,p,353,0,0
xgboost,111,353,p,130,223,0
xgboost,112,353,p,353,0,0
xgboost,113,353,p,352,1,0
xgboost,114,353,p,127,226,0
xgboost,115,353,p,353,0,0
xgboost,116,353,p,352,1,0
xgboost,117,353,p,343,10,0
xgboost,118,353,p,175,178,0
xgboost,119,353,e,350,0,3
xgboost,120,353,e,353,0,0
xgboost,121,353,e,1,0,352
xgboost,122,353,p,0,353,0
xgboost,123,353,e,50,0,303
xgboost,124,353,e,23,0,330
xgboost,125,353,p,353,0,0
xgboost,126,353,p,180,173,0
xgboost,127,353,p,353,0,0
xgboost,128,353,e,0,0,353
xgboost,129,353,e,0,0,353
xgboost,130,353,e,2,0,351
xgboost,131,353,e,0,0,353
xgboost,132,353,e,353,0,0
xgboost,133,353,p,353,0,0
xgboost,134,353,p,353,0,0
xgboost,135,353,p,230,123,0
xgboost,136,353,p,353,0,0
xgboost,137,353,e,244,0,109
xgboost,138,353,e,353,0,0
xgboost,139,353,e,322,0,31
xgboost,140,353,e,353,0,0
xgboost,141,353,p,353,0,0
xgboost,142,353,p,0,353,0
xgboost,143,353,e,171,0,182
xgboost,144,353,p,31,322,0
xgboost,145,353,e,353,0,0
xgboost,146,353,e,353,0,0
xgboost,147,353,e,353,0,0
xgboost,148,353,e,353,0,0
xgboost,149,353,e,353,0,0
xgboost,150,353,e,353,0,0
xgboost,151,353,p,353,0,0
xgboost,152,353,p,308,45,0
xgboost,153,353,p,262,91,0
xgboost,154,353,e,314,0,39
xgboost,155,353,e,328,0,25
xgboost,156,353,e,297,0,56
xgboost,157,353,e,130,0,223
xgboost,158,353,e,353,0,0
xgboost,159,353,p,316,37,0
xgboost,160,325,p,263,62,0
xgboost,161,353,e,353,0,0
xgboost,162,353,p,353,0,0
xgboost,163,341,p,341,0,0
xgboost,164,249,p,249,0,0
xgboost,165,353,e,0,0,353
xgboost,166,353,p,0,353,0
xgboost,167,353,p,0,353,0
xgboost,168,353,p,353,0,0
xgboost,169,353,p,353,0,0
xgboost,170,353,p,285,68,0
xgboost,171,353,e,353,0,0
xgboost,172,353,p,102,251,0
logistic_polynomial,0,353,p,353,0,0
logistic_polynomial,1,353,p,0,353,0
logistic_polynomial,2,353,p,0,353,0
logistic_polynomial,3,353,e,0,0,353
logistic_polynomial,4,353,p,353,0,0
logistic_polynomial,5,353,e,116,0,237
logistic_polynomial,6,353,p,353,0,0
logistic_polynomial,7,353,e,346,0,7
logistic_polynomial,8,353,e,0,0,353
logistic_polynomial,9,353,e,353,0,0
logistic_polynomial,10,353,p,0,353,0
logistic_polynomial,11,353,p,0,353,0
logistic_polynomial,12,353,e,353,0,0
logistic_polynomial,13,353,e,253,0,100
logistic_polynomial,14,353,e,280,0,73
logistic_polynomial,15,353,e,16,0,337
logistic_polynomial,16,353,e,29,0,324
logistic_polynomial,17,353,p,116,237,0
logistic_polynomial,18,353,e,353,0,0
logistic_polynomial,19,353,e,17,0,336
logistic_polynomial,20,353,p,0,353,0
logistic_polynomial,21,353,p,0,353,0
logistic_polynomial,22,353,p,150,203,0
logistic_polynomial,23,353,p,353,0,0
logistic_polynomial,24,353,e,261,0,92
logistic_polynomial,25,353,p,353,0,0
logistic_polynomial,26,353,e,0,0,353
logistic_polynomial,27,352,p,0,352,0
logistic_polynomial,28,353,p,339,14,0
logistic_polynomial,29,353,e,340,0,13
logistic_polynomial,30,353,p,353,0,0
logistic_polynomial,31,353,p,0,353,0
logistic_polynomial,32,353,e,0,0,353
logistic_polynomial,33,353,e,116,0,237
logistic_polynomial,34,353,p,241,112,0
logistic_polynomial,35,353,e,0,0,353
logistic_polynomial,36,352,p,352,0,0
logistic_polynomial,37,353,p,0,353,0
logistic_polynomial,38,353,p,110,243,0
logistic_polynomial,39,353,p,353,0,0
logistic_polynomial,40,353,e,0,0,353
logistic_polynomial,41,353,e,160,0,193
logistic_polynomial,42,353,e,353,0,0
logistic_polynomial,43,353,e,0,0,353
logistic_polynomial,44,353,p,353,0,0
logistic_polynomial,45,353,e,134,0,219
logistic_polynomial,46,353,e,240,0,113
logistic_polynomial,47,353,e,39,0,314
logistic_polynomial,48,353,p,353,0,0
logistic_polynomial,49,353,e,353,0,0
logistic_polynomial,50,353,e,323,0,30
logistic_polynomial,51,353,e,353,0,0
logistic_polynomial,52,353,p,353,0,0
logistic_polynomial,53,353,e,350,0,3
logistic_polynomial,54,353,p,353,0,0
logistic_polynomial,55,353,p,159,194,0
logistic_polynomial,56,353,p,150,203,0
logistic_polynomial,57,353,e,353,0,0
logistic_polynomial,58,353,e,7,0,346
logistic_polynomial,59,353,p,334,19,0
logistic_polynomial,60,353,e,0,0,353
logistic_polynomial,61,353,e,353,0,0
logistic_polynomial,62,353,e,0,0,353
logistic_polynomial,63,353,e,352,0,1
logistic_polynomial,64,353,p,353,0,0
logistic_polynomial,65,353,p,0,353,0
logistic_polynomial,66,353,p,180,173,0
logistic_polynomial,67,353,p,86,267,0
logistic_polynomial,68,353,e,238,0,115
logistic_polynomial,69,353,e,353,0,0
logistic_polynomial,70,353,e,0,0,353
logistic_polynomial,71,353,e,338,0,15
logistic_polynomial,72,353,p,0,353,0
logistic_polynomial,73,353,p,255,98,0
logistic_polynomial,74,353,e,150,0,203
logistic_polynomial,75,353,p,204,149,0
logistic_polynomial,76,353,e,277,0,76
logistic_polynomial,77,353,p,0,353,0
logistic_polynomial,78,353,p,226,127,0
logistic_polynomial,79,353,p,58,295,0
logistic_polynomial,80,353,p,234,119,0
logistic_polynomial,81,353,p,296,57,0
logistic_polynomial,82,353,p,292,61,0
logistic_polynomial,83,353,p,43,310,0
logistic_polynomial,84,353,e,139,0,214
logistic_polynomial,85,353,p,347,6,0
logistic_polynomial,86,353,e,7,0,346
logistic_polynomial,87,353,p,0,353,0
logistic_polynomial,88,353,e,203,0,150
logistic_polynomial,89,353,e,95,0,258
logistic_polynomial,90,353,p,353,0,0
logistic_polynomial,91,353,p,297,56,0
logistic_polynomial,92,353,p,213,140,0
logistic_polynomial,93,353,p,104,249,0
logistic_polynomial,94,353,p,103,250,0
logistic_polynomial,95,353,e,0,0,353
logistic_polynomial,96,353,p,0,353,0
logistic_polynomial,97,353,p,353,0,0
logistic_polynomial,98,353,p,226,127,0
logistic_polynomial,99,353,e,168,0,185
logistic_polynomial,100,353,p,353,0,0
logistic_polynomial,101,353,p,353,0,0
logistic_polynomial,102,353,e,12,0,341
logistic_polynomial,103,353,p,353,0,0
logistic_polynomial,104,353,p,353,0,0
logistic_polynomial,105,353,p,353,0,0
logistic_polynomial,106,353,p,238,115,0
logistic_polynomial,107,353,p,353,0,0
logistic_polynomial,108,353,p,353,0,0
logistic_polynomial,109,353,p,179,174,0
logistic_polynomial,110,353,p,353,0,0
logistic_polynomial,111,353,p,194,159,0
logistic_polynomial,112,353,p,353,0,0
logistic_polynomial,113,353,p,353,0,0
logistic_polynomial,114,353,p,184,169,0
logistic_polynomial,115,353,p,353,0,0
logistic_polynomial,116,353,p,343,10,0
logistic_polynomial,117,353,p,353,0,0
logistic_polynomial,118,353,p,11,342,0
logistic_polynomial,119,353,e,228,0,125
logistic_polynomial,120,353,e,263,0,90
logistic_polynomial,121,353,e,194,0,159
logistic_polynomial,122,353,p,0,353,0
logistic_polynomial,123,353,e,0,0,353
logistic_polynomial,124,353,e,55,0,298
logistic_polynomial,125,353,p,348,5,0
logistic_polynomial,126,353,p,7,346,0
logistic_polynomial,127,353,p,123,230,0
logistic_polynomial,128,353,e,58,0,295
logistic_polynomial,129,353,e,167,0,186
logistic_polynomial,130,353,e,353,0,0
logistic_polynomial,131,353,e,32,0,321
logistic_polynomial,132,353,e,328,0,25
logistic_polynomial,133,353,p,353,0,0
logistic_polynomial,134,353,p,353,0,0
logistic_polynomial,135,353,p,232,121,0
logistic_polynomial,136,353,p,353,0,0
logistic_polynomial,137,353,e,1,0,352
logistic_polynomial,138,353,e,353,0,0
logistic_polynomial,139,353,e,178,0,175
logistic_polynomial,140,353,e,353,0,0
logistic_polynomial,141,353,p,353,0,0
logistic_polynomial,142,353,p,0,353,0
logistic_polynomial,143,353,e,172,0,181
logistic_polynomial,144,353,p,353,0,0
logistic_polynomial,145,353,e,324,0,29
logistic_polynomial,146,353,e,9,0,344
logistic_polynomial,147,353,e,353,0,0
logistic_polynomial,148,353,e,353,0,0
logistic_polynomial,149,353,e,296,0,57
logistic_polynomial,150,353,e,353,0,0
logistic_polynomial,151,353,p,353,0,0
logistic_polynomial,152,353,p,353,0,0
logistic_polynomial,153,353,p,235,118,0
logistic_polynomial,154,353,e,353,0,0
logistic_polynomial,155,353,e,243,0,110
logistic_polynomial,156,353,e,353,0,0
logistic_polynomial,157,353,e,61,0,292
logistic_polynomial,158,353,e,178,0,175
logistic_polynomial,159,353,p,330,23,0
logistic_polynomial,160,325,p,325,0,0
logistic_polynomial,161,353,e,353,0,0
logistic_polynomial,162,353,p,353,0,0
logistic_polynomial,163,341,p,341,0,0
logistic_polynomial,164,249,p,249,0,0
logistic_polynomial,165,353,e,0,0,353
logistic_polynomial,166,353,p,0,353,0
logistic_polynomial,167,353,p,353,0,0
logistic_polynomial,168,353,p,353,0,0
logistic_polynomial,169,353,p,353,0,0
logistic_polynomial,170,353,p,353,0,0
logistic_polynomial,171,353,e,353,0,0
logistic_polynomial,172,353,p,0,353,0
logistic_artifact_config,0,353,p,323,30,0
logistic_artifact_config,1,353,p,0,353,0
logistic_artifact_config,2,353,p,40,313,0
logistic_artifact_config,3,353,e,0,0,353
logistic_artifact_config,4,353,p,353,0,0
logistic_artifact_config,5,353,e,174,0,179
logistic_artifact_config,6,353,p,353,0,0
logistic_artifact_config,7,353,e,297,0,56
logistic_artifact_config,8,353,e,1,0,352
logistic_artifact_config,9,353,e,353,0,0
logistic_artifact_config,10,353,p,0,353,0
logistic_artifact_config,11,353,p,0,353,0
logistic_artifact_config,12,353,e,353,0,0
logistic_artifact_config,13,353,e,341,0,12
logistic_artifact_config,14,353,e,273,0,80
logistic_artifact_config,15,353,e,11,0,342
logistic_artifact_config,16,353,e,120,0,233
logistic_artifact_config,17,353,p,136,217,0
logistic_artifact_config,18,353,e,353,0,0
logistic_artifact_config,19,353,e,1,0,352
logistic_artifact_config,20,353,p,0,353,0
logistic_artifact_config,21,353,p,0,353,0
logistic_artifact_config,22,353,p,116,237,0
logistic_artifact_config,23,353,p,317,36,0
logistic_artifact_config,24,353,e,150,0,203
logistic_artifact_config,25,353,p,353,0,0
logistic_artifact_config,26,353,e,0,0,353
logistic_artifact_config,27,352,p,0,352,0
logistic_artifact_config,28,353,p,339,14,0
logistic_artifact_config,29,353,e,306,0,47
logistic_artifact_config,30,353,p,353,0,0
logistic_artifact_config,31,353,p,1,352,0
logistic_artifact_config,32,353,e,0,0,353
logistic_artifact_config,33,353,e,116,0,237
logistic_artifact_config,34,353,p,286,67,0
logistic_artifact_config,35,353,e,0,0,353
logistic_artifact_config,36,352,p,352,0,0
logistic_artifact_config,37,353,p,0,353,0
logistic_artifact_config,38,353,p,181,172,0
logistic_artifact_config,39,353,p,353,0,0
logistic_artifact_config,40,353,e,0,0,353
logistic_artifact_config,41,353,e,139,0,214
logistic_artifact_config,42,353,e,353,0,0
logistic_artifact_config,43,353,e,0,0,353
logistic_artifact_config,44,353,p,353,0,0
logistic_artifact_config,45,353,e,131,0,222
logistic_artifact_config,46,353,e,353,0,0
logistic_artifact_config,47,353,e,21,0,332
logistic_artifact_config,48,353,p,353,0,0
logistic_artifact_config,49,353,e,353,0,0
logistic_artifact_config,50,353,e,265,0,88
logistic_artifact_config,51,353,e,353,0,0
logistic_artifact_config,52,353,p,353,0,0
logistic_artifact_config,53,353,e,353,0,0
logistic_artifact_config,54,353,p,353,0,0
logistic_artifact_config,55,353,p,191,162,0
logistic_artifact_config,56,353,p,204,149,0
logistic_artifact_config,57,353,e,300,0,53
logistic_artifact_config,58,353,e,4,0,349
logistic_artifact_config,59,353,p,344,9,0
logistic_artifact_config,60,353,e,0,0,353
logistic_artifact_config,61,353,e,353,0,0
logistic_artifact_config,62,353,e,0,0,353
logistic_artifact_config,63,353,e,353,0,0
logistic_artifact_config,64,353,p,353,0,0
logistic_artifact_config,65,353,p,0,353,0
logistic_artifact_config,66,353,p,180,173,0
logistic_artifact_config,67,353,p,83,270,0
logistic_artifact_config,68,353,e,233,0,120
logistic_artifact_config,69,353,e,353,0,0
logistic_artifact_config,70,353,e,0,0,353
logistic_artifact_config,71,353,e,337,0,16
logistic_artifact_config,72,353,p,0,353,0
logistic_artifact_config,73,353,p,299,54,0
logistic_artifact_config,74,353,e,117,0,236
logistic_artifact_config,75,353,p,266,87,0
logistic_artifact_config,76,353,e,241,0,112
logistic_artifact_config,77,353,p,0,353,0
logistic_artifact_config,78,353,p,282,71,0
logistic_artifact_config,79,353,p,59,294,0
logistic_artifact_config,80,353,p,210,143,0
logistic_artifact_config,81,353,p,315,38,0
logistic_artifact_config,82,353,p,307,46,0
logistic_artifact_config,83,353,p,164,189,0
logistic_artifact_config,84,353,e,141,0,212
logistic_artifact_config,85,353,p,353,0,0
logistic_artifact_config,86,353,e,0,0,353
logistic_artifact_config,87,353,p,0,353,0
logistic_artifact_config,88,353,e,105,0,248
logistic_artifact_config,89,353,e,0,0,353
logistic_artifact_config,90,353,p,353,0,0
logistic_artifact_config,91,353,p,270,83,0
logistic_artifact_config,92,353,p,249,104,0
logistic_artifact_config,93,353,p,165,188,0
logistic_artifact_config,94,353,p,177,176,0
logistic_artifact_config,95,353,e,0,0,353
logistic_artifact_config,96,353,p,0,353,0
logistic_artifact_config,97,353,p,353,0,0
logistic_artifact_config,98,353,p,252,101,0
logistic_artifact_config,99,353,e,214,0,139
logistic_artifact_config,100,353,p,353,0,0
logistic_artifact_config,101,353,p,353,0,0
logistic_artifact_config,102,353,e,0,0,353
logistic_artifact_config,103,353,p,353,0,0
logistic_artifact_config,104,353,p,353,0,0
logistic_artifact_config,105,353,p,353,0,0
logistic_artifact_config,106,353,p,305,48,0
logistic_artifact_config,107,353,p,353,0,0
logistic_artifact_config,108,353,p,353,0,0
logistic_artifact_config,109,353,p,207,146,0
logistic_artifact_config,110,353,p,353,0,0
logistic_artifact_config,111,353,p,207,146,0
logistic_artifact_config,112,353,p,353,0,0
logistic_artifact_config,113,353,p,347,6,0
logistic_artifact_config,114,353,p,234,119,0
logistic_artifact_config,115,353,p,353,0,0
logistic_artifact_config,116,353,p,349,4,0
logistic_artifact_config,117,353,p,353,0,0
logistic_artifact_config,118,353,p,59,294,0
logistic_artifact_config,119,353,e,63,0,290
logistic_artifact_config,120,353,e,262,0,91
logistic_artifact_config,121,353,e,172,0,181
logistic_artifact_config,122,353,p,0,353,0
logistic_artifact_config,123,353,e,0,0,353
logistic_artifact_config,124,353,e,284,0,69
logistic_artifact_config,125,353,p,353,0,0
logistic_artifact_config,126,353,p,152,201,0
logistic_artifact_config,127,353,p,0,353,0
logistic_artifact_config,128,353,e,90,0,263
logistic_artifact_config,129,353,e,167,0,186
logistic_artifact_config,130,353,e,353,0,0
logistic_artifact_config,131,353,e,270,0,83
logistic_artifact_config,132,353,e,248,0,105
logistic_artifact_config,133,353,p,353,0,0
logistic_artifact_config,134,353,p,353,0,0
logistic_artifact_config,135,353,p,244,109,0
logistic_artifact_config,136,353,p,353,0,0
logistic_artifact_config,137,353,e,277,0,76
logistic_artifact_config,138,353,e,353,0,0
logistic_artifact_config,139,353,e,157,0,196
logistic_artifact_config,140,353,e,353,0,0
logistic_artifact_config,141,353,p,353,0,0
logistic_artifact_config,142,353,p,0,353,0
logistic_artifact_config,143,353,e,171,0,182
logistic_artifact_config,144,353,p,353,0,0
logistic_artifact_config,145,353,e,310,0,43
logistic_artifact_config,146,353,e,348,0,5
logistic_artifact_config,147,353,e,353,0,0
logistic_artifact_config,148,353,e,353,0,0
logistic_artifact_config,149,353,e,280,0,73
logistic_artifact_config,150,353,e,353,0,0
logistic_artifact_config,151,353,p,353,0,0
logistic_artifact_config,152,353,p,353,0,0
logistic_artifact_config,153,353,p,284,69,0
logistic_artifact_config,154,353,e,353,0,0
logistic_artifact_config,155,353,e,224,0,129
logistic_artifact_config,156,353,e,114,0,239
logistic_artifact_config,157,353,e,75,0,278
logistic_artifact_config,158,353,e,303,0,50
logistic_artifact_config,159,353,p,329,24,0
logistic_artifact_config,160,325,p,325,0,0
logistic_artifact_config,161,353,e,353,0,0
logistic_artifact_config,162,353,p,353,0,0
logistic_artifact_config,163,341,p,341,0,0
logistic_artifact_config,164,249,p,249,0,0
logistic_artifact_config,165,353,e,353,0,0
logistic_artifact_config,166,353,p,0,353,0
logistic_artifact_config,167,353,p,353,0,0
logistic_artifact_config,168,353,p,353,0,0
logistic_artifact_config,169,353,p,353,0,0
logistic_artifact_config,170,353,p,353,0,0
logistic_artifact_config,171,353,e,353,0,0
logistic_artifact_config,172,353,p,0,353,0
majority,0,353,p,353,0,0
majority,1,353,p,353,0,0
majority,2,353,p,353,0,0
majority,3,353,e,0,0,353
majority,4,353,p,353,0,0
majority,5,353,e,0,0,353
majority,6,353,p,353,0,0
majority,7,353,e,0,0,353
majority,8,353,e,0,0,353
majority,9,353,e,0,0,353
majority,10,353,p,353,0,0
majority,11,353,p,353,0,0
majority,12,353,e,0,0,353
majority,13,353,e,0,0,353
majority,14,353,e,0,0,353
majority,15,353,e,0,0,353
majority,16,353,e,0,0,353
majority,17,353,p,353,0,0
majority,18,353,e,0,0,353
majority,19,353,e,0,0,353
majority,20,353,p,353,0,0
majority,21,353,p,353,0,0
majority,22,353,p,353,0,0
majority,23,353,p,353,0,0
majority,24,353,e,0,0,353
majority,25,353,p,353,0,0
majority,26,353,e,0,0,353
majority,27,352,p,352,0,0
majority,28,353,p,353,0,0
majority,29,353,e,0,0,353
majority,30,353,p,353,0,0
majority,31,353,p,353,0,0
majority,32,353,e,0,0,353
majority,33,353,e,0,0,353
majority,34,353,p,353,0,0
majority,35,353,e,0,0,353
majority,36,352,p,352,0,0
majority,37,353,p,353,0,0
majority,38,353,p,353,0,0
majority,39,353,p,353,0,0
majority,40,353,e,0,0,353
majority,41,353,e,0,0,353
majority,42,353,e,0,0,353
majority,43,353,e,0,0,353
majority,44,353,p,353,0,0
majority,45,353,e,0,0,353
majority,46,353,e,0,0,353
majority,47,353,e,0,0,353
majority,48,353,p,353,0,0
majority,49,353,e,0,0,353
majority,50,353,e,0,0,353
majority,51,353,e,0,0,353
majority,52,353,p,353,0,0
majority,53,353,e,0,0,353
majority,54,353,p,353,0,0
majority,55,353,p,353,0,0
majority,56,353,p,353,0,0
majority,57,353,e,0,0,353
majority,58,353,e,0,0,353
majority,59,353,p,353,0,0
majority,60,353,e,0,0,353
majority,61,353,e,0,0,353
majority,62,353,e,0,0,353
majority,63,353,e,0,0,353
majority,64,353,p,353,0,0
majority,65,353,p,353,0,0
majority,66,353,p,353,0,0
majority,67,353,p,353,0,0
majority,68,353,e,0,0,353
majority,69,353,e,0,0,353
majority,70,353,e,0,0,353
majority,71,353,e,0,0,353
majority,72,353,p,353,0,0
majority,73,353,p,353,0,0
majority,74,353,e,0,0,353
majority,75,353,p,353,0,0
majority,76,353,e,0,0,353
majority,77,353,p,353,0,0
majority,78,353,p,353,0,0
majority,79,353,p,353,0,0
majority,80,353,p,353,0,0
majority,81,353,p,353,0,0
majority,82,353,p,353,0,0
majority,83,353,p,353,0,0
majority,84,353,e,0,0,353
majority,85,353,p,353,0,0
majority,86,353,e,0,0,353
majority,87,353,p,353,0,0
majority,88,353,e,0,0,353
majority,89,353,e,0,0,353
majority,90,353,p,353,0,0
majority,91,353,p,353,0,0
majority,92,353,p,353,0,0
majority,93,353,p,353,0,0
majority,94,353,p,353,0,0
majority,95,353,e,0,0,353
majority,96,353,p,353,0,0
majority,97,353,p,353,0,0
majority,98,353,p,353,0,0
majority,99,353,e,0,0,353
majority,100,353,p,353,0,0
majority,101,353,p,353,0,0
majority,102,353,e,0,0,353
majority,103,353,p,353,0,0
majority,104,353,p,353,0,0
majority,105,353,p,353,0,0
majority,106,353,p,353,0,0
majority,107,353,p,353,0,0
majority,108,353,p,353,0,0
majority,109,353,p,353,0,0
majority,110,353,p,353,0,0
majority,111,353,p,353,0,0
majority,112,353,p,353,0,0
majority,113,353,p,353,0,0
majority,114,353,p,353,0,0
majority,115,353,p,353,0,0
majority,116,353,p,353,0,0
majority,117,353,p,353,0,0
majority,118,353,p,353,0,0
majority,119,353,e,0,0,353
majority,120,353,e,0,0,353
majority,121,353,e,0,0,353
majority,122,353,p,353,0,0
majority,123,353,e,0,0,353
majority,124,353,e,0,0,353
majority,125,353,p,353,0,0
majority,126,353,p,353,0,0
majority,127,353,p,353,0,0
majority,128,353,e,0,0,353
majority,129,353,e,0,0,353
majority,130,353,e,0,0,353
majority,131,353,e,0,0,353
majority,132,353,e,0,0,353
majority,133,353,p,353,0,0
majority,134,353,p,353,0,0
majority,135,353,p,353,0,0
majority,136,353,p,353,0,0
majority,137,353,e,0,0,353
majority,138,353,e,0,0,353
majority,139,353,e,0,0,353
majority,140,353,e,0,0,353
majority,141,353,p,353,0,0
majority,142,353,p,353,0,0
majority,143,353,e,0,0,353
majority,144,353,p,353,0,0
majority,145,353,e,0,0,353
majority,146,353,e,0,0,353
majority,147,353,e,0,0,353
majority,148,353,e,0,0,353
majority,149,353,e,0,0,353
majority,150,353,e,0,0,353
majority,151,353,p,353,0,0
majority,152,353,p,353,0,0
majority,153,353,p,353,0,0
majority,154,353,e,0,0,353
majority,155,353,e,0,0,353
majority,156,353,e,0,0,353
majority,157,353,e,0,0,353
majority,158,353,e,0,0,353
majority,159,353,p,353,0,0
majority,160,325,p,325,0,0
majority,161,353,e,0,0,353
majority,162,353,p,353,0,0
majority,163,341,p,341,0,0
majority,164,249,p,249,0,0
majority,165,353,e,0,0,353
majority,166,353,p,353,0,0
majority,167,353,p,353,0,0
majority,168,353,p,353,0,0
majority,169,353,p,353,0,0
majority,170,353,p,353,0,0
majority,171,353,e,0,0,353
majority,172,353,p,353,0,0
