member_casual,rideable_type,rides,mean_duration,median_duration
member,classic_bike,2029727,10.84604984056651,6.036726436456174
member,unknown,1483382,10.21177351259943,5.782251888895134
member,electric_bike,1337380,8.077066213097845,5.504457300844545
casual,classic_bike,676989,24.147658544288262,10.086324606976078
casual,electric_bike,596108,17.16006974838045,7.68113125605442
casual,unknown,205330,54.3678152242731,19.449395623027012
member,docked_bike,77044,14.39642585139992,7.587787392288349
casual,docked_bike,65530,82.25824658342736,18.07478584371817
unknown,unknown,497,22.216666666666665,14.450000000000001
