year,rides,valid_coordinates,missing_start_station,missing_end_station
2013,5614888,5596829,0,18059
2014,8081216,8081216,0,0
2015,9937969,9937969,0,0
2016,13845655,13845655,0,0
2017,16364657,16364657,0,0
2018,17548339,17548339,2497,2497
2019,20552228,20552106,181,301
2020,19562792,19515685,111,47206
2021,27129753,27068220,492,95255
2022,29838442,29801151,50,69960
2023,35107120,35002626,18197,99877
2024,44303006,44165667,29835,122552
2025,45771161,45623968,20271,130360
2026,9841693,9800316,6032,36567
