start_station_id,rides,name_variants,active_years,example_name
519,871222,3,7,Pershing Square North
6140.05,864413,1,8,W 21 St & 6 Ave
5329.03,718476,1,7,West St & Chambers St
497,664013,1,7,E 17 St & Broadway
5905.14,662535,1,7,University Pl & E 14 St
5905.12,655140,1,8,Broadway & E 14 St
6822.09,641243,1,8,1 Ave & E 68 St
6173.08,640774,1,8,Broadway & W 25 St
6364.07,628243,1,8,6 Ave & W 33 St
6726.01,627556,1,7,11 Ave & W 41 St
435,626960,1,7,W 21 St & 6 Ave
5788.13,616186,1,8,Lafayette St & E 8 St
6331.01,609305,1,7,W 31 St & 7 Ave
6197.08,606813,1,8,E 33 St & 1 Ave
5492.05,593862,1,8,Cleveland Pl & Spring St
402,592234,1,7,Broadway & E 22 St
426,591109,1,7,West St & Chambers St
6765.01,588106,1,8,12 Ave & W 40 St
6450.05,575328,1,8,8 Ave & W 31 St
6876.04,559879,1,8,Central Park S & 6 Ave
285,559668,1,7,Broadway & E 14 St
6602.03,547438,1,8,W 41 St & 8 Ave
6912.01,546311,1,8,7 Ave & Central Park South
5184.08,545447,1,7,West St & Liberty St
293,538928,1,7,Lafayette St & E 8 St
