started_at,ended_at,duration_minutes,member_casual,rideable_type
2019-09-26 10:12:51.861,2020-11-23 14:56:56.483,610844.0770333334,casual,classic_bike
2020-07-13 15:34:13.720,2021-07-17 21:34:22.435,531720.14525,casual,classic_bike
2020-09-13 15:37:08.283,2021-04-14 11:32:53.012,306475.7454833333,casual,classic_bike
2020-09-06 19:09:01.372,2021-02-05 14:13:37.419,218584.60078333333,casual,classic_bike
2021-03-10 15:24:23.872,2021-05-16 13:25:17.222,96360.88916666666,casual,electric_bike
2019-09-05 11:41:08.418,2019-10-03 20:42:17.421,40861.15,casual,unknown
2020-09-04 16:18:31.537,2020-09-28 23:36:59.382,34998.46408333334,member,electric_bike
2023-07-17 16:34:55.180,2023-08-08 13:21:15.435,31486.33758333333,casual,classic_bike
2020-07-22 17:41:44.747,2020-08-10 10:10:53.698,26909.14918333333,casual,classic_bike
2020-07-26 14:27:16.142,2020-08-11 22:14:17.515,23507.02288333333,casual,classic_bike
