feature,importance_RMSE,sd
same_hour_mean_7d,1137.746125730492,58.064280191316904
lag_7d,768.296482791262,10.31024526938824
lag_14d,488.11581400561784,22.910397950397307
lag_1d,446.2679911982311,8.471459060765385
weekday_sin,57.03645774087677,5.677232919619631
previous_day_total,45.434339371114405,16.31701077585991
hour_sin,33.73329977908752,3.0266942421816387
is_weekend,28.37725477382087,4.713153798040122
hour_cos,12.078225036393405,1.2354123974191011
weekday_cos,9.479595215195468,3.2167913146036535
lag_2d,7.3101592331780925,2.3707831086457927
year_cos,6.360605652948379,4.008158171991591
clock_hours,0.0,0.0
year_sin,-5.007288691206623,3.917296622409471
