model,fold,fit_seconds,accuracy,balanced_accuracy,precision_poisonous,recall_poisonous,f1_poisonous,roc_auc,average_precision,tn,fp,fn,tp
aws_tuned,1,5.075603699981002,0.7001539334035486,0.6920208227991377,0.6981206987824246,0.7879014189693802,0.7402989263911305,0.7271974905165793,0.681608631773632,3367,2281,1420,5275
aws_tuned,2,5.306432999990648,0.5866522246292285,0.5870831469608866,0.6435855263157895,0.5834203071417922,0.6120278407757879,0.633431619720521,0.7232331372991594,3128,2167,2794,3913
aws_tuned,3,4.854714799992507,0.6199109414758269,0.6147873064266041,0.6519524617996605,0.6651270207852193,0.6584738496713347,0.6034189456383424,0.6241744323830873,3188,2460,2320,4608
aws_tuned,4,4.892257600004086,0.5902841429880843,0.5834383229596936,0.6312160774534252,0.6416641813301521,0.63639724913111,0.539283214867973,0.5304414304477569,2781,2514,2403,4303
aws_tuned,5,4.807530699996278,0.6433630530789101,0.6398739786534235,0.6850778150747635,0.669549657023561,0.6772247360482655,0.6925445255429229,0.7622340169048656,3231,2064,2216,4490
random_forest_500,1,8.078482699987944,0.7271327878149558,0.720766535954488,0.7269750306999591,0.7958177744585512,0.7598402738163149,0.773289123209363,0.7182387572509925,3647,2001,1367,5328
random_forest_500,2,7.5208621000056155,0.6199800033327779,0.6252919834998261,0.6903832505322924,0.5801401520799165,0.6304788139026168,0.6033592234403953,0.6697724171258572,3550,1745,2816,3891
random_forest_500,3,8.815021000016714,0.639074427480916,0.6356152559061558,0.67339236463928,0.6696016166281755,0.6714916407324311,0.607687979640037,0.6404178296706056,3398,2250,2289,4639
random_forest_500,4,8.223452000005636,0.6301974835430381,0.6193711633937671,0.6558977178993676,0.7114524306591112,0.6825464949928469,0.5788000654495418,0.5652724007674459,2792,2503,1935,4771
random_forest_500,5,8.274430699995719,0.6791934005499541,0.6814916215292944,0.7371305214214546,0.6619445272889949,0.697517284726587,0.7620313521328974,0.8408520576448768,3712,1583,2267,4439
